Workbook

Sheet SETS
F2: OSeMOSYS_UCLV
F3: SETS | G3: Index
F4: REGION | G4: R | K4: Edit
F5: TECHNOLOGIES | G5: T | K5: Edit
F6: FUELS | G6: F | K6: Edit
F7: YEARS | G7: Y
F8: DAYTYPE | G8: LD
F9: DAILYTIMEBRACKET | G9: LH
F10: SEASON | G10: LS
F11: TIMESLICE | G11: L | K11: Edit
F12: MODE_OF_OPERATION | G12: M | K12: Edit
F13: STORAGE | G13: S | K13: Edit
F14: EMISSION | G14: E | K14: Edit
F15: FLEXIBLEDEMANDTYPE | K15: Edit

Sheet Parameters
B2: Demands | C2: Performance | D2: Costs | E2: Storage
B3: SpecifiedAnnualDemand | C3: CapacityToActivityUnit | D3: CapitalCost | E3: TechnologyToStorage
B4: SpecifiedDemandProfile | C4: CapacityFactor | D4: VariableCost | E4: TechnologyFromStorage
B5: AccumulatedAnnualDemand | C5: AvailabilityFactor | D5: FixedCost | E5: StorageLevelStart
C6: OperationalLife | E6: StorageMaxChargeRate
C7: ResidualCapacity | E7: StorageMaxDischargeRate
C8: InputActivityRatio | E8: MinStorageCharge
C9: OutputActivityRatio | E9: OperationalLifeStorage
E10: CapitalCostStorage
E11: ResidualStorageCapacity
B14: Capacity | C14: Activity | D14: Reserve Margin | E14: New Parameters
B15: CapacityOfOneTechnologyUnit | C15: TotalTechnologyAnnualActivityUpperLimit | D15: ReserveMarginTagTechnology | E15: MinOperatingLoad
B16: TotalAnnualMaxCapacity | C16: TotalTechnologyAnnualActivityLowerLimit | D16: ReserveMarginTagFuel | E16: Non Asociated Cost
B17: TotalAnnualMinCapacity | C17: TotalTechnologyModelPeriodActivityUpperLimit | D17: ReserveMargin | E17: NumberOfExistingUnits
B18: TotalAnnualMaxCapacityInvestment | C18: TotalTechnologyModelPeriodActivityLowerLimit | E18: RecoverCost
B19: TotalAnnualMinCapacityInvestment | E19: ExtendedOperationalLife
E20: Availability
E21: Maintenance
B22: RE Generation target | C22: Emissions | D22: GlobalParameters
B23: RETagTechnology | C23: EmissionActivityRatio | D23: YearSplit
B24: RETagFuel | C24: EmissionsPenalty | D24: DaySplit
B25: REMinProductionTarget | C25: AnnualExogenousEmission
C26: AnnualEmissionLimit
C27: ModelPeriodExogenousEmission
C28: ModelPeriodEmissionLimit

Sheet Default Parameters
A1: Parameter | B1: Unit | C1: Defaul value
A2: Global
A3: DiscountRate | C3: 0.05
A4: DepreciationMethod | C4: 1
A5: DaySplit | C5: =12/(24*365) -> 0.001369863
A6: Conversionls | C6: 0
A7: Conversionld | C7: 0
A8: Conversionlh | C8: 0
A9: DaysInDayType | C9: 7
A10: TradeRoute | C10: 0
A11: Demands
A12: SpecifiedAnnualDemand | B12: PJ | C12: 0
A13: SpecifiedDemandProfile | C13: 0
A14: AccumulatedAnnualDemand | C14: 0
A15: Performance
A16: CapacityToActivityUnit | C16: 1
A17: CapacityFactor | C17: 1
A18: AvailabilityFactor | C18: 1
A19: OperationalLife | B19: Year | C19: 1
A20: ResidualCapacity | B20: GW | C20: 0
A21: InputActivityRatio | C21: 0
A22: OutputActivityRatio | C22: 0
A23: Technology Costs
A24: CapitalCost | B24: Million $/GW | C24: 0.0001
A25: VariableCost | B25: M$/PJ or $/GWh | C25: 0
A26: FixedCost | B26: Million $/GW | C26: 0
A27: Storage
A28: MinStorageCharge | B28: PJ | C28: 0
A29: TechnologyToStorage | C29: 0
A30: TechnologyFromStorage | C30: 0
A31: StorageLevelStart | C31: 0
A32: StorageMaxChargeRate | B32: PJ | C32: 99999
A33: StorageMaxDischargeRate | B33: PJ | C33: 99999
A34: OperationalLifeStorage | B34: Year | C34: 99
A35: CapitalCostStorage | B35: Million $/GW | C35: 0
A36: ResidualStorageCapacity | B36: GW | C36: 0
A37: Capacity
A38: CapacityOfOneTechnologyUnit | C38: 0
A39: TotalAnnualMaxCapacity | B39: GW | C39: 99999999999
A40: TotalAnnualMinCapacity | B40: GW | C40: 0
A41: TotalAnnualMaxCapacityInvestment | B41: GW | C41: 9999999999
A42: TotalAnnualMinCapacityInvestment | B42: GW | C42: 0
A43: Activity
A44: TotalTechnologyAnnualActivityLowerLimit | B44: PJ | C44: 0
A45: TotalTechnologyAnnualActivityUpperLimit | B45: PJ | C45: 9999999999
A46: TotalTechnologyModelPeriodActivityLowerLimit | B46: PJ | C46: 0
A47: TotalTechnologyModelPeriodActivityUpperLimit | B47: PJ | C47: 9999999999
A48: ReserveMarginParameters
A49: ReserveMarginTagTechnology | C49: 0
A50: ReserveMarginTagFuel | C50: 0
A51: ReserveMargin | C51: 0
A52: RE Generation Target
A53: RETagTechnology | C53: 0
A54: RETagFuel | C54: 0
A55: REMinProductionTarget | B55: PJ | C55: 0
A56: Emission
A57: EmissionsPenalty | B57: Million $/Mton | C57: 0
A58: AnnualExogenousEmission | B58: Mton | C58: 0
A59: AnnualEmissionLimit | B59: Mton | C59: 9999999999
A60: ModelPeriodExogenousEmission | B60: Mton | C60: 0
A61: ModelPeriodEmissionLimit | B61: Mton | C61: 9999999999
A62: EmissionActivityRatio | B62: Mton/PJ | C62: 0

Sheet R
A1: REGION | B1: Description
A2: Cuba

Sheet Y
A1: YEAR | B1: GROUP | C1: START_YEAR | D1: FINAL_YEAR
A2: =C2 -> 2019 | C2: 2019 | D2: 2055 | F2: 1
A3: =IF($A$2+F2>$D$2,"",$A$2+F2) -> 2020 | F3: 2
A4: =IF($A$2+F3>$D$2,"",$A$2+F3) -> 2021 | F4: 3
A5: =IF($A$2+F4>$D$2,"",$A$2+F4) -> 2022 | F5: 4
A6: =IF($A$2+F5>$D$2,"",$A$2+F5) -> 2023 | F6: 5
A7: =IF($A$2+F6>$D$2,"",$A$2+F6) -> 2024 | F7: 6
A8: =IF($A$2+F7>$D$2,"",$A$2+F7) -> 2025 | F8: 7
A9: =IF($A$2+F8>$D$2,"",$A$2+F8) -> 2026 | F9: 8
A10: =IF($A$2+F9>$D$2,"",$A$2+F9) -> 2027 | F10: 9
A11: =IF($A$2+F10>$D$2,"",$A$2+F10) -> 2028 | F11: 10
A12: =IF($A$2+F11>$D$2,"",$A$2+F11) -> 2029 | F12: 11
A13: =IF($A$2+F12>$D$2,"",$A$2+F12) -> 2030 | F13: 12
A14: =IF($A$2+F13>$D$2,"",$A$2+F13) -> 2031 | F14: 13
... A45: =IF($A$2+F44>$D$2,"",$A$2+F44) | F45: 44

Sheet T
A1: TECHNOLOGY | B1: Description | C1: Group
A2: IMPCRUDE | B2: CrudeOil
A3: MINCRUDE | B3: Mining
A4: IMPHFO01 | B4: Heavy Fuel oil for CTE
A5: IMPHFO02 | B5: Heavy Fuel oir for movil Generators
A6: IMPLFO | B6: Ligth Fuel Oil for MCI
A7: MINDIESEL | B7: Diesel - National
A8: IMPDIESEL | B8: Import Diesel For Diesel MCI
A9: IMPNG | B9: Import Natural Gas (GNL)
A10: MINNG | B10: Natural gas - National
A11: MINBIO1 | B11: Bagazo
A12: MINBIO2 | B12: Marabu | C12: exclude
A13: MINBIO3 | B13: Firewood (Leña cocción) | C13: exclude
A14: MINBIO4 | B14: Carbón vegetal | C14: exclude
A15: IMPBIO | B15: Biomasa importada | C15: exclude
A16: MINKEROSEN | B16: Kerosene (Queroseno) | C16: exclude
A17: IMPKEROSEN | B17: Kerosene (Queroseno) | C17: exclude
A18: MINALCOHOL | B18: Alcohol Production for cooking | C18: exclude
A19: MINGASOLINE | B19: Gasoline | C19: exclude
A20: IMPGASOLINE | B20: Gasoline | C20: exclude
A21: MINSOL | B21: Solar potential | C21: exclude
A22: MINWIND | B22: Wind potential | C22: exclude
A23: MINHYDRO | B23: Hydro potential
A24: PWRCRUD001 | B24: Old CrudeOil Power plant
A25: PWRCRUD002 | B25: Old CrudeOil Power plant
A26: PWRCRUD003 | B26: Old CrudeOil Power plant
A27: PWRCRUD004 | B27: Old CrudeOil Power plant
A28: PWRCRUD008 | B28: Old CrudeOil Power plant
A29: PWRCRUD005 | B29: Old CrudeOil Power plant
A30: PWRCRUD006 | B30: Old CrudeOil Power plant
A31: PWRCRUD007 | B31: Old CrudeOil Power plant
A32: PWRCRUD009 | B32: New CrudeOil Power plant (200 MW/unit)
A33: PWRNG01 | B33: Natural Gas Power Plant (combined cycle)
A34: PWRNG02 | B34: Natural Gas Power Plant (combined cycle)
... A38: PWRWND001 | B38: Wind onshore
A39: PWRWND002 | B39: Wind OffShore | C39: exclude
A40: PWRPV01 | B40: Fotovoltáica
A41: PWRPV02 | B41: FotovoltáicaResidencial | C41: exclude
A42: PWRPV03 | B42: PV+ | C42: exclude
A43: PWRCSP | B43: Concentradores solares
A44: PWRFO | B44: Internal Combustion Engines (Fuel Oil)
A45: PWRDSL | B45: Internal Combustion Engines (Diesel)
A46: PWRHYD01 | B46: Large Hydro
A47: PWRHYD02 | B47: MiniHydro
A48: PWRTBATT01 | B48: Technologies for charging and discharging batteries
A49: PWRTBATT02 | B49: Technologies for charging and discharging batteries | C49: exclude
A50: PWRTBATT03 | B50: Technologies for charging and discharging batteries | C50: exclude
A51: PWRTBATT04 | B51: Technologies for charging and discharging batteries | C51: exclude
A52: TRANSMISSION
A53: DISTRIBUTION
A54: DEMRESIDEN | B54: Residential Demand Standard
A55: DEMPRIVATE | B55: Private sector
A56: DEMCOMERC | B56: Comercial Demand
A57: DEMINDUST | B57: Industrial Demand | C57: exclude
A58: DEMLIGTH | B58: Light demand (?) | C58: exclude
A59: DEMTRAEVC | B59: EV charger | C59: exclude
A60: DEMTRACARELC | B60: Electric cars | C60: exclude
A61: DEMTRAMCYELC | B61: Electric Motorcycles | C61: exclude
A62: DEMTRABUSELC | B62: Electric Bus / Train | C62: exclude
A63: DEMTRACARGSL | B63: Gasoline cars | C63: exclude
A64: DEMTRAMCYGSL | B64: Gasoline Motorcycles | C64: exclude
A65: DEMTRABUSGSL | B65: Gasoline BUS | C65: exclude
A66: DEMTRABUSDSL | B66: Diesel BUS / TRAIN / other | C66: exclude
A67: DEMTRAFREGHTCARELC | B67: Electric Freight cars | C67: exclude
A68: DEMTRAFREGHTCARDSL | B68: Diesel Freight Cars | C68: exclude
... A104: GASLIQUED | B104: Regasification factory if natural gas is imported | C104: exclude
A105: EXPORT01 | C105: exclude
A106: EXPORT02 | C106: exclude
A107: EXPORT03 | C107: exclude
A108: IMPORT01 | C108: exclude
A109: IMPORT02 | C109: exclude
A110: IMPORT03 | C110: exclude
A111: VOLL_TECH
A112: BSTOP02
A113: BSTOP03
A114: BSTOP04 | C114: exclude
A115: BSTOP05 | C115: exclude
A116: BSTOP06 | C116: exclude
A117: BSTOP07 | C117: exclude
A118: BSTOP08 | C118: exclude
A119: BSTOP09 | C119: exclude
A120: BSTOP10 | C120: exclude
A121: BSTOP11 | C121: exclude
A122: BSTOP12 | C122: exclude
A123: BSTOP13 | C123: exclude
A124: BSTOP14 | C124: exclude
A125: BSTOP15 | C125: exclude
A126: AUXTECH01
A127: AUXTECH02 | C127: exclude
A128: AUXTECH03 | C128: exclude
A129: AUXTECH04 | C129: exclude
A130: AUXTECH05 | C130: exclude
A131: AUXTECH06 | C131: exclude
A132: AUXTECH07 | C132: exclude
A133: AUXTECH08 | C133: exclude
A134: AUXTECH09 | C134: exclude
A135: AUXTECH10 | C135: exclude

Sheet F
A1: FUEL | B1: Description | C1: Group
A2: CRUD | B2: Crude Oil
A3: HFO01 | B3: Heavy Fuel Oil for CTE
A4: HFO02 | B4: Heavy Fuel Oil for Movil Generators
A5: LFO | B5: Ligth Fuel Oil for MCI
A6: DSL | B6: Diesel for MCI
A7: NG | B7: Gas natural
A8: BIO01 | B8: Bagazo
A9: BIO02 | B9: Marabu | C9: exclude
A10: BIO03 | B10: Firewood (Leña cocción) | C10: exclude
A11: BIO04 | B11: Carbón vegetal | C11: exclude
A12: GASOLINE | C12: exclude
A13: KEROSENE | C13: exclude
A14: ALCOHOL | C14: exclude
A15: SOL | B15: Solar
A16: WND | B16: Wind
A17: HYD | B17: Hydro
A18: ELC01 | B18: Electricidad de las plantas térmicas a la transmisión
A19: ELC02 | B19: Electricidad después de la transmission
A20: ELC03 | B20: Electricidad después de la distribución
A21: ELCSTORAGE01 | B21: Electricity to Storage after transmition | C21: exclude
A22: ELCSTORAGE02 | B22: Electricity to storage Distribution | C22: exclude
A23: ELCEV | B23: Electric vehicles | C23: exclude
A24: TRAMCY | B24: Motorcycle Transport Demand | C24: exclude
A25: TRACAR | B25: Car Transport Demand | C25: exclude
A26: TRABUS | B26: Bus + Rail Transport Demand | C26: exclude
A27: TRAFREIGTH | B27: Cargo demand | C27: exclude
A28: INDELC | B28: Industrial Electricity Demand | C28: exclude
A29: INDHEH | B29: Industry High Heat Demand | C29: exclude
A30: INDHEL | B30: Industry Low Heat Demand | C30: exclude
A31: RESELC | B31: Residential Electricity Demand
A32: RESCKN | B32: Residential Cooking Demand | C32: exclude
A33: RESHEL | B33: Residential Low Heat Demand | C33: exclude
A34: COMELC | B34: Commercial Electricity Demand
A35: COMHEL | B35: Commercial Low Heat Demand | C35: exclude
A36: LIGTHELEC | B36: Demanda Alumbrado | C36: exclude
A37: CRUDEXP | C37: exclude
A38: GASLIQ | C38: exclude
A39: TRACAMDMY | C39: exclude
A40: TRACARDMY | C40: exclude
A41: TRAMCYDMY | C41: exclude
A42: TRABUSDMY | C42: exclude
A43: PRIVATEELC
A44: AUXFUEL02
A45: AUXFUEL03 | C45: exclude
A46: AUXFUEL04 | C46: exclude
A47: AUXFUEL05 | C47: exclude
A48: AUXFUEL06 | C48: exclude
A49: AUXFUEL07 | C49: exclude
A50: AUXFUEL08 | C50: exclude
A51: AUXFUEL09 | C51: exclude
A52: AUXFUEL10 | C52: exclude
A53: AUXFUEL11 | C53: exclude
A54: AUXFUEL12 | C54: exclude

Sheet LS
A1: SEASON | B1: Description
A2: 1
A3: 2
A4: 3
A5: 4

Sheet LD
A1: DAYTYPE | B1: Description
A2: 1 | B2: Trabajo
A3: 2

Sheet LH
A1: DAILYTIMEBRACKET | B1: Description
A2: 1
A3: 2
A4: 3
A5: 4
A6: 5
A7: 6
A8: 7
A9: 8

Sheet L
A1: TIMESLICE | B1: Description
A2: 111
A3: 112
A4: 113
A5: 114
A6: 115
A7: 116
A8: 117
A9: 118
A10: 121
A11: 122
A12: 123
A13: 124
... A65: 428

Sheet M
A1: ModeOfOperation
A2: 1
A3: 2

Sheet S
A1: STORAGE | B1: Description
A2: DAM | B2: DAM Storage
A3: Batt01 | B3: Electric Battery
A4: Batt02 | B4: Electric Battery
A5: Batt03
A6: Batt04
A7: Batt05

Sheet E
A1: EMISSION | B1: Description | T1: EMISSION | U1: Description
A2: CO2 | T2: CO2
A3: Nox | T3: Nox
A4: CH4 | T4: CH4

Sheet FLEX

Sheet DS
A1: DAILYTIMEBRACKET | B1: 2019 | C1: 2020 | D1: 2021 | E1: 2022 | F1: 2023 | G1: 2024 | H1: 2025 | I1: 2026 | J1: 2027 | K1: 2028 | L1: 2029 | M1: 2030 | N1: 2031 | O1: 2032 | P1: 2033 | Q1: 2034 | R1: 2035 | S1: 2036 | T1: 2037 | U1: 2038 | V1: 2039 | W1: 2040 | X1: 2041 | Y1: 2042 | Z1: 2043 | AA1: 2044 | AB1: 2045 | AC1: 2046 | AD1: 2047 | AE1: 2048 | AF1: 2049 | AG1: 2050 | AH1: 2051 | AI1: 2052 | AJ1: 2053 | AK1: 2054 | AL1: 2055
A2: 1 | B2: 0.00057077626 | C2: 0.00057077626 | D2: 0.00057077626 | E2: 0.00057077626 | F2: 0.00057077626 | G2: 0.00057077626 | H2: 0.00057077626 | I2: 0.00057077626 | J2: 0.00057077626 | K2: 0.00057077626 | L2: 0.00057077626 | M2: 0.00057077626 | N2: 0.00057077626 | O2: 0.00057077626 | P2: 0.00057077626 | Q2: 0.00057077626 | R2: 0.00057077626 | S2: 0.00057077626 | T2: 0.00057077626 | U2: 0.00057077626 | V2: 0.00057077626 | W2: 0.00057077626 | X2: 0.00057077626 | Y2: 0.00057077626 | Z2: 0.00057077626 | AA2: 0.00057077626 | AB2: 0.00057077626 | AC2: 0.00057077626 | AD2: 0.00057077626 | AE2: 0.00057077626 | AF2: 0.00057077626 | AG2: 0.00057077626 | AH2: 0.00057077626 | AI2: 0.00057077626 | AJ2: 0.00057077626 | AK2: 0.00057077626 | AL2: 0.00057077626
A3: 2 | B3: 0.00057077626 | C3: 0.00057077626 | D3: 0.00057077626 | E3: 0.00057077626 | F3: 0.00057077626 | G3: 0.00057077626 | H3: 0.00057077626 | I3: 0.00057077626 | J3: 0.00057077626 | K3: 0.00057077626 | L3: 0.00057077626 | M3: 0.00057077626 | N3: 0.00057077626 | O3: 0.00057077626 | P3: 0.00057077626 | Q3: 0.00057077626 | R3: 0.00057077626 | S3: 0.00057077626 | T3: 0.00057077626 | U3: 0.00057077626 | V3: 0.00057077626 | W3: 0.00057077626 | X3: 0.00057077626 | Y3: 0.00057077626 | Z3: 0.00057077626 | AA3: 0.00057077626 | AB3: 0.00057077626 | AC3: 0.00057077626 | AD3: 0.00057077626 | AE3: 0.00057077626 | AF3: 0.00057077626 | AG3: 0.00057077626 | AH3: 0.00057077626 | AI3: 0.00057077626 | AJ3: 0.00057077626 | AK3: 0.00057077626 | AL3: 0.00057077626
A4: 3 | B4: 0.0002283105 | C4: 0.0002283105 | D4: 0.0002283105 | E4: 0.0002283105 | F4: 0.0002283105 | G4: 0.0002283105 | H4: 0.0002283105 | I4: 0.0002283105 | J4: 0.0002283105 | K4: 0.0002283105 | L4: 0.0002283105 | M4: 0.0002283105 | N4: 0.0002283105 | O4: 0.0002283105 | P4: 0.0002283105 | Q4: 0.0002283105 | R4: 0.0002283105 | S4: 0.0002283105 | T4: 0.0002283105 | U4: 0.0002283105 | V4: 0.0002283105 | W4: 0.0002283105 | X4: 0.0002283105 | Y4: 0.0002283105 | Z4: 0.0002283105 | AA4: 0.0002283105 | AB4: 0.0002283105 | AC4: 0.0002283105 | AD4: 0.0002283105 | AE4: 0.0002283105 | AF4: 0.0002283105 | AG4: 0.0002283105 | AH4: 0.0002283105 | AI4: 0.0002283105 | AJ4: 0.0002283105 | AK4: 0.0002283105 | AL4: 0.0002283105
A5: 4 | B5: 0.00034246575 | C5: 0.00034246575 | D5: 0.00034246575 | E5: 0.00034246575 | F5: 0.00034246575 | G5: 0.00034246575 | H5: 0.00034246575 | I5: 0.00034246575 | J5: 0.00034246575 | K5: 0.00034246575 | L5: 0.00034246575 | M5: 0.00034246575 | N5: 0.00034246575 | O5: 0.00034246575 | P5: 0.00034246575 | Q5: 0.00034246575 | R5: 0.00034246575 | S5: 0.00034246575 | T5: 0.00034246575 | U5: 0.00034246575 | V5: 0.00034246575 | W5: 0.00034246575 | X5: 0.00034246575 | Y5: 0.00034246575 | Z5: 0.00034246575 | AA5: 0.00034246575 | AB5: 0.00034246575 | AC5: 0.00034246575 | AD5: 0.00034246575 | AE5: 0.00034246575 | AF5: 0.00034246575 | AG5: 0.00034246575 | AH5: 0.00034246575 | AI5: 0.00034246575 | AJ5: 0.00034246575 | AK5: 0.00034246575 | AL5: 0.00034246575
A6: 5 | B6: 0.0002283105 | C6: 0.0002283105 | D6: 0.0002283105 | E6: 0.0002283105 | F6: 0.0002283105 | G6: 0.0002283105 | H6: 0.0002283105 | I6: 0.0002283105 | J6: 0.0002283105 | K6: 0.0002283105 | L6: 0.0002283105 | M6: 0.0002283105 | N6: 0.0002283105 | O6: 0.0002283105 | P6: 0.0002283105 | Q6: 0.0002283105 | R6: 0.0002283105 | S6: 0.0002283105 | T6: 0.0002283105 | U6: 0.0002283105 | V6: 0.0002283105 | W6: 0.0002283105 | X6: 0.0002283105 | Y6: 0.0002283105 | Z6: 0.0002283105 | AA6: 0.0002283105 | AB6: 0.0002283105 | AC6: 0.0002283105 | AD6: 0.0002283105 | AE6: 0.0002283105 | AF6: 0.0002283105 | AG6: 0.0002283105 | AH6: 0.0002283105 | AI6: 0.0002283105 | AJ6: 0.0002283105 | AK6: 0.0002283105 | AL6: 0.0002283105
A7: 6 | B7: 0.00034246575 | C7: 0.00034246575 | D7: 0.00034246575 | E7: 0.00034246575 | F7: 0.00034246575 | G7: 0.00034246575 | H7: 0.00034246575 | I7: 0.00034246575 | J7: 0.00034246575 | K7: 0.00034246575 | L7: 0.00034246575 | M7: 0.00034246575 | N7: 0.00034246575 | O7: 0.00034246575 | P7: 0.00034246575 | Q7: 0.00034246575 | R7: 0.00034246575 | S7: 0.00034246575 | T7: 0.00034246575 | U7: 0.00034246575 | V7: 0.00034246575 | W7: 0.00034246575 | X7: 0.00034246575 | Y7: 0.00034246575 | Z7: 0.00034246575 | AA7: 0.00034246575 | AB7: 0.00034246575 | AC7: 0.00034246575 | AD7: 0.00034246575 | AE7: 0.00034246575 | AF7: 0.00034246575 | AG7: 0.00034246575 | AH7: 0.00034246575 | AI7: 0.00034246575 | AJ7: 0.00034246575 | AK7: 0.00034246575 | AL7: 0.00034246575
A8: 7 | B8: 0.0002283105 | C8: 0.0002283105 | D8: 0.0002283105 | E8: 0.0002283105 | F8: 0.0002283105 | G8: 0.0002283105 | H8: 0.0002283105 | I8: 0.0002283105 | J8: 0.0002283105 | K8: 0.0002283105 | L8: 0.0002283105 | M8: 0.0002283105 | N8: 0.0002283105 | O8: 0.0002283105 | P8: 0.0002283105 | Q8: 0.0002283105 | R8: 0.0002283105 | S8: 0.0002283105 | T8: 0.0002283105 | U8: 0.0002283105 | V8: 0.0002283105 | W8: 0.0002283105 | X8: 0.0002283105 | Y8: 0.0002283105 | Z8: 0.0002283105 | AA8: 0.0002283105 | AB8: 0.0002283105 | AC8: 0.0002283105 | AD8: 0.0002283105 | AE8: 0.0002283105 | AF8: 0.0002283105 | AG8: 0.0002283105 | AH8: 0.0002283105 | AI8: 0.0002283105 | AJ8: 0.0002283105 | AK8: 0.0002283105 | AL8: 0.0002283105
A9: 8 | B9: 0.0002283105 | C9: 0.0002283105 | D9: 0.0002283105 | E9: 0.0002283105 | F9: 0.0002283105 | G9: 0.0002283105 | H9: 0.0002283105 | I9: 0.0002283105 | J9: 0.0002283105 | K9: 0.0002283105 | L9: 0.0002283105 | M9: 0.0002283105 | N9: 0.0002283105 | O9: 0.0002283105 | P9: 0.0002283105 | Q9: 0.0002283105 | R9: 0.0002283105 | S9: 0.0002283105 | T9: 0.0002283105 | U9: 0.0002283105 | V9: 0.0002283105 | W9: 0.0002283105 | X9: 0.0002283105 | Y9: 0.0002283105 | Z9: 0.0002283105 | AA9: 0.0002283105 | AB9: 0.0002283105 | AC9: 0.0002283105 | AD9: 0.0002283105 | AE9: 0.0002283105 | AF9: 0.0002283105 | AG9: 0.0002283105 | AH9: 0.0002283105 | AI9: 0.0002283105 | AJ9: 0.0002283105 | AK9: 0.0002283105 | AL9: 0.0002283105

Sheet DIDT
A1: SEASON | B1: DAYTYPE | C1: 2019 | D1: 2020 | E1: 2021 | F1: 2022 | G1: 2023 | H1: 2024 | I1: 2025 | J1: 2026 | K1: 2027 | L1: 2028 | M1: 2029 | N1: 2030 | O1: 2031 | P1: 2032 | Q1: 2033 | R1: 2034 | S1: 2035 | T1: 2036 | U1: 2037 | V1: 2038 | W1: 2039 | X1: 2040 | Y1: 2041 | Z1: 2042 | AA1: 2043 | AB1: 2044 | AC1: 2045 | AD1: 2046 | AE1: 2047 | AF1: 2048 | AG1: 2049 | AH1: 2050 | AI1: 2051 | AJ1: 2052 | AK1: 2053 | AL1: 2054 | AM1: 2055
A2: 1 | B2: 1 | C2: 5 | D2: 5 | E2: 5 | F2: 5 | G2: 5 | H2: 5 | I2: 5 | J2: 5 | K2: 5 | L2: 5 | M2: 5 | N2: 5 | O2: 5 | P2: 5 | Q2: 5 | R2: 5 | S2: 5 | T2: 5 | U2: 5 | V2: 5 | W2: 5 | X2: 5 | Y2: 5 | Z2: 5 | AA2: 5 | AB2: 5 | AC2: 5 | AD2: 5 | AE2: 5 | AF2: 5 | AG2: 5 | AH2: 5 | AI2: 5 | AJ2: 5 | AK2: 5 | AL2: 5 | AM2: 5
A3: 1 | B3: 2 | C3: 2 | D3: 2 | E3: 2 | F3: 2 | G3: 2 | H3: 2 | I3: 2 | J3: 2 | K3: 2 | L3: 2 | M3: 2 | N3: 2 | O3: 2 | P3: 2 | Q3: 2 | R3: 2 | S3: 2 | T3: 2 | U3: 2 | V3: 2 | W3: 2 | X3: 2 | Y3: 2 | Z3: 2 | AA3: 2 | AB3: 2 | AC3: 2 | AD3: 2 | AE3: 2 | AF3: 2 | AG3: 2 | AH3: 2 | AI3: 2 | AJ3: 2 | AK3: 2 | AL3: 2 | AM3: 2
A4: 2 | B4: 1 | C4: 5 | D4: 5 | E4: 5 | F4: 5 | G4: 5 | H4: 5 | I4: 5 | J4: 5 | K4: 5 | L4: 5 | M4: 5 | N4: 5 | O4: 5 | P4: 5 | Q4: 5 | R4: 5 | S4: 5 | T4: 5 | U4: 5 | V4: 5 | W4: 5 | X4: 5 | Y4: 5 | Z4: 5 | AA4: 5 | AB4: 5 | AC4: 5 | AD4: 5 | AE4: 5 | AF4: 5 | AG4: 5 | AH4: 5 | AI4: 5 | AJ4: 5 | AK4: 5 | AL4: 5 | AM4: 5
A5: 2 | B5: 2 | C5: 2 | D5: 2 | E5: 2 | F5: 2 | G5: 2 | H5: 2 | I5: 2 | J5: 2 | K5: 2 | L5: 2 | M5: 2 | N5: 2 | O5: 2 | P5: 2 | Q5: 2 | R5: 2 | S5: 2 | T5: 2 | U5: 2 | V5: 2 | W5: 2 | X5: 2 | Y5: 2 | Z5: 2 | AA5: 2 | AB5: 2 | AC5: 2 | AD5: 2 | AE5: 2 | AF5: 2 | AG5: 2 | AH5: 2 | AI5: 2 | AJ5: 2 | AK5: 2 | AL5: 2 | AM5: 2
A6: 3 | B6: 1 | C6: 5 | D6: 5 | E6: 5 | F6: 5 | G6: 5 | H6: 5 | I6: 5 | J6: 5 | K6: 5 | L6: 5 | M6: 5 | N6: 5 | O6: 5 | P6: 5 | Q6: 5 | R6: 5 | S6: 5 | T6: 5 | U6: 5 | V6: 5 | W6: 5 | X6: 5 | Y6: 5 | Z6: 5 | AA6: 5 | AB6: 5 | AC6: 5 | AD6: 5 | AE6: 5 | AF6: 5 | AG6: 5 | AH6: 5 | AI6: 5 | AJ6: 5 | AK6: 5 | AL6: 5 | AM6: 5
A7: 3 | B7: 2 | C7: 2 | D7: 2 | E7: 2 | F7: 2 | G7: 2 | H7: 2 | I7: 2 | J7: 2 | K7: 2 | L7: 2 | M7: 2 | N7: 2 | O7: 2 | P7: 2 | Q7: 2 | R7: 2 | S7: 2 | T7: 2 | U7: 2 | V7: 2 | W7: 2 | X7: 2 | Y7: 2 | Z7: 2 | AA7: 2 | AB7: 2 | AC7: 2 | AD7: 2 | AE7: 2 | AF7: 2 | AG7: 2 | AH7: 2 | AI7: 2 | AJ7: 2 | AK7: 2 | AL7: 2 | AM7: 2
A8: 4 | B8: 1 | C8: 5 | D8: 5 | E8: 5 | F8: 5 | G8: 5 | H8: 5 | I8: 5 | J8: 5 | K8: 5 | L8: 5 | M8: 5 | N8: 5 | O8: 5 | P8: 5 | Q8: 5 | R8: 5 | S8: 5 | T8: 5 | U8: 5 | V8: 5 | W8: 5 | X8: 5 | Y8: 5 | Z8: 5 | AA8: 5 | AB8: 5 | AC8: 5 | AD8: 5 | AE8: 5 | AF8: 5 | AG8: 5 | AH8: 5 | AI8: 5 | AJ8: 5 | AK8: 5 | AL8: 5 | AM8: 5
A9: 4 | B9: 2 | C9: 2 | D9: 2 | E9: 2 | F9: 2 | G9: 2 | H9: 2 | I9: 2 | J9: 2 | K9: 2 | L9: 2 | M9: 2 | N9: 2 | O9: 2 | P9: 2 | Q9: 2 | R9: 2 | S9: 2 | T9: 2 | U9: 2 | V9: 2 | W9: 2 | X9: 2 | Y9: 2 | Z9: 2 | AA9: 2 | AB9: 2 | AC9: 2 | AD9: 2 | AE9: 2 | AF9: 2 | AG9: 2 | AH9: 2 | AI9: 2 | AJ9: 2 | AK9: 2 | AL9: 2 | AM9: 2

Sheet YS
A1: TIMESLICE | B1: 2019 | C1: 2020 | D1: 2021 | E1: 2022 | F1: 2023 | G1: 2024 | H1: 2025 | I1: 2026 | J1: 2027 | K1: 2028 | L1: 2029 | M1: 2030 | N1: 2031 | O1: 2032 | P1: 2033 | Q1: 2034 | R1: 2035 | S1: 2036 | T1: 2037 | U1: 2038 | V1: 2039 | W1: 2040 | X1: 2041 | Y1: 2042 | Z1: 2043 | AA1: 2044 | AB1: 2045 | AC1: 2046 | AD1: 2047 | AE1: 2048 | AF1: 2049 | AG1: 2050 | AH1: 2051 | AI1: 2052 | AJ1: 2053 | AK1: 2054 | AL1: 2055
A2: 111 | B2: 0.026 | C2: 0.026 | D2: 0.026 | E2: 0.026 | F2: 0.026 | G2: 0.026 | H2: 0.026 | I2: 0.026 | J2: 0.026 | K2: 0.026 | L2: 0.026 | M2: 0.026 | N2: 0.026 | O2: 0.026 | P2: 0.026 | Q2: 0.026 | R2: 0.026 | S2: 0.026 | T2: 0.026 | U2: 0.026 | V2: 0.026 | W2: 0.026 | X2: 0.026 | Y2: 0.026 | Z2: 0.026 | AA2: 0.026 | AB2: 0.026 | AC2: 0.026 | AD2: 0.026 | AE2: 0.026 | AF2: 0.026 | AG2: 0.026 | AH2: 0.026 | AI2: 0.026 | AJ2: 0.026 | AK2: 0.026 | AL2: 0.026
A3: 112 | B3: 0.026 | C3: 0.026 | D3: 0.026 | E3: 0.026 | F3: 0.026 | G3: 0.026 | H3: 0.026 | I3: 0.026 | J3: 0.026 | K3: 0.026 | L3: 0.026 | M3: 0.026 | N3: 0.026 | O3: 0.026 | P3: 0.026 | Q3: 0.026 | R3: 0.026 | S3: 0.026 | T3: 0.026 | U3: 0.026 | V3: 0.026 | W3: 0.026 | X3: 0.026 | Y3: 0.026 | Z3: 0.026 | AA3: 0.026 | AB3: 0.026 | AC3: 0.026 | AD3: 0.026 | AE3: 0.026 | AF3: 0.026 | AG3: 0.026 | AH3: 0.026 | AI3: 0.026 | AJ3: 0.026 | AK3: 0.026 | AL3: 0.026
A4: 113 | B4: 0.01 | C4: 0.01 | D4: 0.01 | E4: 0.01 | F4: 0.01 | G4: 0.01 | H4: 0.01 | I4: 0.01 | J4: 0.01 | K4: 0.01 | L4: 0.01 | M4: 0.01 | N4: 0.01 | O4: 0.01 | P4: 0.01 | Q4: 0.01 | R4: 0.01 | S4: 0.01 | T4: 0.01 | U4: 0.01 | V4: 0.01 | W4: 0.01 | X4: 0.01 | Y4: 0.01 | Z4: 0.01 | AA4: 0.01 | AB4: 0.01 | AC4: 0.01 | AD4: 0.01 | AE4: 0.01 | AF4: 0.01 | AG4: 0.01 | AH4: 0.01 | AI4: 0.01 | AJ4: 0.01 | AK4: 0.01 | AL4: 0.01
A5: 114 | B5: 0.015 | C5: 0.015 | D5: 0.015 | E5: 0.015 | F5: 0.015 | G5: 0.015 | H5: 0.015 | I5: 0.015 | J5: 0.015 | K5: 0.015 | L5: 0.015 | M5: 0.015 | N5: 0.015 | O5: 0.015 | P5: 0.015 | Q5: 0.015 | R5: 0.015 | S5: 0.015 | T5: 0.015 | U5: 0.015 | V5: 0.015 | W5: 0.015 | X5: 0.015 | Y5: 0.015 | Z5: 0.015 | AA5: 0.015 | AB5: 0.015 | AC5: 0.015 | AD5: 0.015 | AE5: 0.015 | AF5: 0.015 | AG5: 0.015 | AH5: 0.015 | AI5: 0.015 | AJ5: 0.015 | AK5: 0.015 | AL5: 0.015
A6: 115 | B6: 0.01 | C6: 0.01 | D6: 0.01 | E6: 0.01 | F6: 0.01 | G6: 0.01 | H6: 0.01 | I6: 0.01 | J6: 0.01 | K6: 0.01 | L6: 0.01 | M6: 0.01 | N6: 0.01 | O6: 0.01 | P6: 0.01 | Q6: 0.01 | R6: 0.01 | S6: 0.01 | T6: 0.01 | U6: 0.01 | V6: 0.01 | W6: 0.01 | X6: 0.01 | Y6: 0.01 | Z6: 0.01 | AA6: 0.01 | AB6: 0.01 | AC6: 0.01 | AD6: 0.01 | AE6: 0.01 | AF6: 0.01 | AG6: 0.01 | AH6: 0.01 | AI6: 0.01 | AJ6: 0.01 | AK6: 0.01 | AL6: 0.01
A7: 116 | B7: 0.015 | C7: 0.015 | D7: 0.015 | E7: 0.015 | F7: 0.015 | G7: 0.015 | H7: 0.015 | I7: 0.015 | J7: 0.015 | K7: 0.015 | L7: 0.015 | M7: 0.015 | N7: 0.015 | O7: 0.015 | P7: 0.015 | Q7: 0.015 | R7: 0.015 | S7: 0.015 | T7: 0.015 | U7: 0.015 | V7: 0.015 | W7: 0.015 | X7: 0.015 | Y7: 0.015 | Z7: 0.015 | AA7: 0.015 | AB7: 0.015 | AC7: 0.015 | AD7: 0.015 | AE7: 0.015 | AF7: 0.015 | AG7: 0.015 | AH7: 0.015 | AI7: 0.015 | AJ7: 0.015 | AK7: 0.015 | AL7: 0.015
A8: 117 | B8: 0.01 | C8: 0.01 | D8: 0.01 | E8: 0.01 | F8: 0.01 | G8: 0.01 | H8: 0.01 | I8: 0.01 | J8: 0.01 | K8: 0.01 | L8: 0.01 | M8: 0.01 | N8: 0.01 | O8: 0.01 | P8: 0.01 | Q8: 0.01 | R8: 0.01 | S8: 0.01 | T8: 0.01 | U8: 0.01 | V8: 0.01 | W8: 0.01 | X8: 0.01 | Y8: 0.01 | Z8: 0.01 | AA8: 0.01 | AB8: 0.01 | AC8: 0.01 | AD8: 0.01 | AE8: 0.01 | AF8: 0.01 | AG8: 0.01 | AH8: 0.01 | AI8: 0.01 | AJ8: 0.01 | AK8: 0.01 | AL8: 0.01
A9: 118 | B9: 0.01 | C9: 0.01 | D9: 0.01 | E9: 0.01 | F9: 0.01 | G9: 0.01 | H9: 0.01 | I9: 0.01 | J9: 0.01 | K9: 0.01 | L9: 0.01 | M9: 0.01 | N9: 0.01 | O9: 0.01 | P9: 0.01 | Q9: 0.01 | R9: 0.01 | S9: 0.01 | T9: 0.01 | U9: 0.01 | V9: 0.01 | W9: 0.01 | X9: 0.01 | Y9: 0.01 | Z9: 0.01 | AA9: 0.01 | AB9: 0.01 | AC9: 0.01 | AD9: 0.01 | AE9: 0.01 | AF9: 0.01 | AG9: 0.01 | AH9: 0.01 | AI9: 0.01 | AJ9: 0.01 | AK9: 0.01 | AL9: 0.01
A10: 121 | B10: 0.026 | C10: 0.026 | D10: 0.026 | E10: 0.026 | F10: 0.026 | G10: 0.026 | H10: 0.026 | I10: 0.026 | J10: 0.026 | K10: 0.026 | L10: 0.026 | M10: 0.026 | N10: 0.026 | O10: 0.026 | P10: 0.026 | Q10: 0.026 | R10: 0.026 | S10: 0.026 | T10: 0.026 | U10: 0.026 | V10: 0.026 | W10: 0.026 | X10: 0.026 | Y10: 0.026 | Z10: 0.026 | AA10: 0.026 | AB10: 0.026 | AC10: 0.026 | AD10: 0.026 | AE10: 0.026 | AF10: 0.026 | AG10: 0.026 | AH10: 0.026 | AI10: 0.026 | AJ10: 0.026 | AK10: 0.026 | AL10: 0.026
A11: 122 | B11: 0.026 | C11: 0.026 | D11: 0.026 | E11: 0.026 | F11: 0.026 | G11: 0.026 | H11: 0.026 | I11: 0.026 | J11: 0.026 | K11: 0.026 | L11: 0.026 | M11: 0.026 | N11: 0.026 | O11: 0.026 | P11: 0.026 | Q11: 0.026 | R11: 0.026 | S11: 0.026 | T11: 0.026 | U11: 0.026 | V11: 0.026 | W11: 0.026 | X11: 0.026 | Y11: 0.026 | Z11: 0.026 | AA11: 0.026 | AB11: 0.026 | AC11: 0.026 | AD11: 0.026 | AE11: 0.026 | AF11: 0.026 | AG11: 0.026 | AH11: 0.026 | AI11: 0.026 | AJ11: 0.026 | AK11: 0.026 | AL11: 0.026
A12: 123 | B12: 0.01 | C12: 0.01 | D12: 0.01 | E12: 0.01 | F12: 0.01 | G12: 0.01 | H12: 0.01 | I12: 0.01 | J12: 0.01 | K12: 0.01 | L12: 0.01 | M12: 0.01 | N12: 0.01 | O12: 0.01 | P12: 0.01 | Q12: 0.01 | R12: 0.01 | S12: 0.01 | T12: 0.01 | U12: 0.01 | V12: 0.01 | W12: 0.01 | X12: 0.01 | Y12: 0.01 | Z12: 0.01 | AA12: 0.01 | AB12: 0.01 | AC12: 0.01 | AD12: 0.01 | AE12: 0.01 | AF12: 0.01 | AG12: 0.01 | AH12: 0.01 | AI12: 0.01 | AJ12: 0.01 | AK12: 0.01 | AL12: 0.01
A13: 124 | B13: 0.015 | C13: 0.015 | D13: 0.015 | E13: 0.015 | F13: 0.015 | G13: 0.015 | H13: 0.015 | I13: 0.015 | J13: 0.015 | K13: 0.015 | L13: 0.015 | M13: 0.015 | N13: 0.015 | O13: 0.015 | P13: 0.015 | Q13: 0.015 | R13: 0.015 | S13: 0.015 | T13: 0.015 | U13: 0.015 | V13: 0.015 | W13: 0.015 | X13: 0.015 | Y13: 0.015 | Z13: 0.015 | AA13: 0.015 | AB13: 0.015 | AC13: 0.015 | AD13: 0.015 | AE13: 0.015 | AF13: 0.015 | AG13: 0.015 | AH13: 0.015 | AI13: 0.015 | AJ13: 0.015 | AK13: 0.015 | AL13: 0.015
... A65: 428 | B65: 0.006 | C65: 0.006 | D65: 0.006 | E65: 0.006 | F65: 0.006 | G65: 0.006 | H65: 0.006 | I65: 0.006 | J65: 0.006 | K65: 0.006 | L65: 0.006 | M65: 0.006 | N65: 0.006 | O65: 0.006 | P65: 0.006 | Q65: 0.006 | R65: 0.006 | S65: 0.006 | T65: 0.006 | U65: 0.006 | V65: 0.006 | W65: 0.006 | X65: 0.006 | Y65: 0.006 | Z65: 0.006 | AA65: 0.006 | AB65: 0.006 | AC65: 0.006 | AD65: 0.006 | AE65: 0.006 | AF65: 0.006 | AG65: 0.006 | AH65: 0.006 | AI65: 0.006 | AJ65: 0.006 | AK65: 0.006 | AL65: 0.006

Sheet SAD
A1: REGION | B1: FUEL | C1: 2019 | D1: 2020 | E1: 2021 | F1: 2022 | G1: 2023 | H1: 2024 | I1: 2025 | J1: 2026 | K1: 2027 | L1: 2028 | M1: 2029 | N1: 2030 | O1: 2031 | P1: 2032 | Q1: 2033 | R1: 2034 | S1: 2035 | T1: 2036 | U1: 2037 | V1: 2038 | W1: 2039 | X1: 2040 | Y1: 2041 | Z1: 2042 | AA1: 2043 | AB1: 2044 | AC1: 2045 | AD1: 2046 | AE1: 2047 | AF1: 2048 | AG1: 2049 | AH1: 2050 | AI1: 2051 | AJ1: 2052 | AK1: 2053 | AL1: 2054 | AM1: 2055
A2: Cuba | B2: CRUD
A3: Cuba | B3: HFO01
A4: Cuba | B4: HFO02
A5: Cuba | B5: LFO
A6: Cuba | B6: DSL
A7: Cuba | B7: NG
A8: Cuba | B8: BIO01
A9: Cuba | B9: BIO02
A10: Cuba | B10: BIO03
A11: Cuba | B11: BIO04
A12: Cuba | B12: GASOLINE
A13: Cuba | B13: KEROSENE
... A30: Cuba | B30: INDHEL
A31: Cuba | B31: RESELC | C31: 31.25 | D31: 33.94 | E31: 33.94 | F31: 33.94 | G31: 33.94 | H31: 33.94 | I31: 33.94 | J31: 34.27 | K31: 34.62 | L31: 34.968 | M31: 35.32 | N31: 35.67 | O31: 36.03 | P31: 36.4 | Q31: 36.75 | R31: 37.12 | S31: 37.49 | T31: 37.87 | U31: 38.24 | V31: 38.63 | W31: 39.01 | X31: 39.4 | Y31: 39.8 | Z31: 40.2 | AA31: 40.6 | AB31: 41 | AC31: 41.41 | AD31: 41.83 | AE31: 42.25 | AF31: 42.67 | AG31: 43.09 | AH31: 43.53 | AI31: =AH31*1.01 -> 43.9653 | AJ31: =AI31*1.01 -> 44.404953 | AK31: =AJ31*1.01 -> 44.849003 | AL31: =AK31*1.01 -> 45.297493 | AM31: =AL31*1.01 -> 45.750467
A32: Cuba | B32: RESCKN
A33: Cuba | B33: RESHEL
A34: Cuba | B34: COMELC | C34: 28.86 | D34: 28.86 | E34: 28.86 | F34: 28.86 | G34: 28.86 | H34: 28.86 | I34: 28.86 | J34: 29.17 | K34: 29.49 | L34: 29.82 | M34: 30.15 | N34: 30.48 | O34: 30.81 | P34: 31.15 | Q34: 31.49 | R34: 31.84 | S34: 32.19 | T34: 32.55 | U34: 32.9 | V34: 33.27 | W34: 33.63 | X34: 34 | Y34: 34.38 | Z34: 34.75 | AA34: 35.14 | AB34: 35.52 | AC34: 35.91 | AD34: 36.31 | AE34: 36.71 | AF34: 37.11 | AG34: 37.52 | AH34: 37.93 | AI34: =AH34*1.01 -> 38.3093 | AJ34: =AI34*1.01 -> 38.692393 | AK34: =AJ34*1.01 -> 39.079317 | AL34: =AK34*1.01 -> 39.47011 | AM34: =AL34*1.01 -> 39.864811
A35: Cuba | B35: COMHEL
A36: Cuba | B36: LIGTHELEC
A37: Cuba | B37: CRUDEXP
A38: Cuba | B38: GASLIQ
A39: Cuba | B39: TRACAMDMY
A40: Cuba | B40: TRACARDMY
A41: Cuba | B41: TRAMCYDMY
A42: Cuba | B42: TRABUSDMY
A43: Cuba | B43: PRIVATEELC | C43: 1.69 | D43: 1.677 | E43: 1.988 | F43: 3 | G43: 3 | H43: 3 | I43: 3 | J43: 3.18 | K43: 3.25 | L43: 3.25 | M43: 3.28 | N43: 3.32 | O43: 3.35 | P43: 3.39 | Q43: 3.43 | R43: 3.47 | S43: 3.5 | T43: 3.54 | U43: 3.58 | V43: 3.62 | W43: 3.66 | X43: 3.7 | Y43: 3.74 | Z43: 3.789 | AA43: 3.83 | AB43: 3.87 | AC43: 3.915 | AD43: 3.95 | AE43: 4 | AF43: 4.04 | AG43: 4.09 | AH43: 4.14 | AI43: =AH43*1.01 -> 4.1814 | AJ43: =AI43*1.01 -> 4.223214 | AK43: =AJ43*1.01 -> 4.2654461 | AL43: =AK43*1.01 -> 4.3081006 | AM43: =AL43*1.01 -> 4.3511816
A44: Cuba | B44: AUXFUEL02
A45: Cuba | B45: AUXFUEL03
A46: Cuba | B46: AUXFUEL04
A47: Cuba | B47: AUXFUEL05 | C47: =(C43+C34+C31)/3.6/0.83/0.95 -> 21.771296 | D47: =(D43+D34+D31)/3.6/0.83/0.95 -> 22.714366 | E47: =(E43+E34+E31)/3.6/0.83/0.95 -> 22.823927 | F47: =(F43+F34+F31)/3.6/0.83/0.95 -> 23.180441 | G47: =(G43+G34+G31)/3.6/0.83/0.95 -> 23.180441 | H47: =(H43+H34+H31)/3.6/0.83/0.95 -> 23.180441 | I47: =(I43+I34+I31)/3.6/0.83/0.95 -> 23.180441 | J47: =(J43+J34+J31)/3.6/0.83/0.95 -> 23.469316 | ... AM47: =(AM43+AM34+AM31)/3.6/0.83/0.95 -> 31.693955
A48: Cuba | B48: AUXFUEL06 | C48: 21.771296 | D48: 22.714366 | E48: 22.823927 | F48: 23.180441 | G48: 23.180441 | H48: 23.180441 | I48: 23.180441 | J48: 23.469316 | K48: 23.730008 | L48: 23.968858 | M48: 24.219686 | N48: 24.473332 | O48: 24.726978 | P48: 24.991193 | Q48: 25.248362 | R48: 25.516099 | S48: 25.780314 | T48: 26.055098 | U48: 26.322835 | V48: 26.604664 | W48: 26.879448 | X48: 27.161277 | Y48: 27.450151 | Z48: 27.738674 | AA48: 28.031424 | AB48: 28.320299 | AC48: 28.617981 | AD48: 28.919186 | AE48: 29.225675 | AF48: 29.528641 | AG48: 29.838653 | AH48: 30.155711 | AI48: 30.457268 | AJ48: 30.76184 | AK48: 31.069459 | AL48: 31.380153 | AM48: 31.693955
A49: Cuba | B49: AUXFUEL07
A50: Cuba | B50: AUXFUEL08
A51: Cuba | B51: AUXFUEL09
A52: Cuba | B52: AUXFUEL10
A53: Cuba | B53: AUXFUEL11
A54: Cuba | B54: AUXFUEL12

Sheet SDP
A1: REGION | B1: FUEL | C1: TIMESLICE | D1: 2019 | E1: 2020 | F1: 2021 | G1: 2022 | H1: 2023 | I1: 2024 | J1: 2025 | K1: 2026 | L1: 2027 | M1: 2028 | N1: 2029 | O1: 2030 | P1: 2031 | Q1: 2032 | R1: 2033 | S1: 2034 | T1: 2035 | U1: 2036 | V1: 2037 | W1: 2038 | X1: 2039 | Y1: 2040 | Z1: 2041 | AA1: 2042 | AB1: 2043 | AC1: 2044 | AD1: 2045 | AE1: 2046 | AF1: 2047 | AG1: 2048 | AH1: 2049 | AI1: 2050 | AJ1: 2051 | AK1: 2052 | AL1: 2053 | AM1: 2054 | AN1: 2055
A2: Cuba | B2: CRUD | C2: 111
A3: Cuba | B3: CRUD | C3: 112
A4: Cuba | B4: CRUD | C4: 113
A5: Cuba | B5: CRUD | C5: 114
A6: Cuba | B6: CRUD | C6: 115
A7: Cuba | B7: CRUD | C7: 116
A8: Cuba | B8: CRUD | C8: 117
A9: Cuba | B9: CRUD | C9: 118
A10: Cuba | B10: CRUD | C10: 121
A11: Cuba | B11: CRUD | C11: 122
A12: Cuba | B12: CRUD | C12: 123
A13: Cuba | B13: CRUD | C13: 124
... A1857: Cuba | B1857: INDHEL | C1857: 428
A1858: Cuba | B1858: RESELC | C1858: 111 | D1858: 0.032 | E1858: 0.032 | F1858: 0.032 | G1858: 0.032 | H1858: 0.032 | I1858: 0.032 | J1858: 0.032 | K1858: 0.032 | L1858: 0.032 | M1858: 0.032 | N1858: 0.032 | O1858: 0.032 | P1858: 0.032 | Q1858: 0.032 | R1858: 0.032 | S1858: 0.032 | T1858: 0.032 | U1858: 0.032 | V1858: 0.032 | W1858: 0.032 | X1858: 0.032 | Y1858: 0.032 | Z1858: 0.032 | AA1858: 0.032 | AB1858: 0.032 | AC1858: 0.032 | AD1858: 0.032 | AE1858: 0.032 | AF1858: 0.032 | AG1858: 0.032 | AH1858: 0.032 | AI1858: 0.032 | AJ1858: 0.032 | AK1858: 0.032 | AL1858: 0.032 | AM1858: 0.032 | AN1858: 0.032
A1859: Cuba | B1859: RESELC | C1859: 112 | D1859: 0.025 | E1859: 0.025 | F1859: 0.025 | G1859: 0.025 | H1859: 0.025 | I1859: 0.025 | J1859: 0.025 | K1859: 0.025 | L1859: 0.025 | M1859: 0.025 | N1859: 0.025 | O1859: 0.025 | P1859: 0.025 | Q1859: 0.025 | R1859: 0.025 | S1859: 0.025 | T1859: 0.025 | U1859: 0.025 | V1859: 0.025 | W1859: 0.025 | X1859: 0.025 | Y1859: 0.025 | Z1859: 0.025 | AA1859: 0.025 | AB1859: 0.025 | AC1859: 0.025 | AD1859: 0.025 | AE1859: 0.025 | AF1859: 0.025 | AG1859: 0.025 | AH1859: 0.025 | AI1859: 0.025 | AJ1859: 0.025 | AK1859: 0.025 | AL1859: 0.025 | AM1859: 0.025 | AN1859: 0.025
A1860: Cuba | B1860: RESELC | C1860: 113 | D1860: 0.012 | E1860: 0.012 | F1860: 0.012 | G1860: 0.012 | H1860: 0.012 | I1860: 0.012 | J1860: 0.012 | K1860: 0.012 | L1860: 0.012 | M1860: 0.012 | N1860: 0.012 | O1860: 0.012 | P1860: 0.012 | Q1860: 0.012 | R1860: 0.012 | S1860: 0.012 | T1860: 0.012 | U1860: 0.012 | V1860: 0.012 | W1860: 0.012 | X1860: 0.012 | Y1860: 0.012 | Z1860: 0.012 | AA1860: 0.012 | AB1860: 0.012 | AC1860: 0.012 | AD1860: 0.012 | AE1860: 0.012 | AF1860: 0.012 | AG1860: 0.012 | AH1860: 0.012 | AI1860: 0.012 | AJ1860: 0.012 | AK1860: 0.012 | AL1860: 0.012 | AM1860: 0.012 | AN1860: 0.012
A1861: Cuba | B1861: RESELC | C1861: 114 | D1861: 0.02 | E1861: 0.02 | F1861: 0.02 | G1861: 0.02 | H1861: 0.02 | I1861: 0.02 | J1861: 0.02 | K1861: 0.02 | L1861: 0.02 | M1861: 0.02 | N1861: 0.02 | O1861: 0.02 | P1861: 0.02 | Q1861: 0.02 | R1861: 0.02 | S1861: 0.02 | T1861: 0.02 | U1861: 0.02 | V1861: 0.02 | W1861: 0.02 | X1861: 0.02 | Y1861: 0.02 | Z1861: 0.02 | AA1861: 0.02 | AB1861: 0.02 | AC1861: 0.02 | AD1861: 0.02 | AE1861: 0.02 | AF1861: 0.02 | AG1861: 0.02 | AH1861: 0.02 | AI1861: 0.02 | AJ1861: 0.02 | AK1861: 0.02 | AL1861: 0.02 | AM1861: 0.02 | AN1861: 0.02
A1862: Cuba | B1862: RESELC | C1862: 115 | D1862: 0.016 | E1862: 0.016 | F1862: 0.016 | G1862: 0.016 | H1862: 0.016 | I1862: 0.016 | J1862: 0.016 | K1862: 0.016 | L1862: 0.016 | M1862: 0.016 | N1862: 0.016 | O1862: 0.016 | P1862: 0.016 | Q1862: 0.016 | R1862: 0.016 | S1862: 0.016 | T1862: 0.016 | U1862: 0.016 | V1862: 0.016 | W1862: 0.016 | X1862: 0.016 | Y1862: 0.016 | Z1862: 0.016 | AA1862: 0.016 | AB1862: 0.016 | AC1862: 0.016 | AD1862: 0.016 | AE1862: 0.016 | AF1862: 0.016 | AG1862: 0.016 | AH1862: 0.016 | AI1862: 0.016 | AJ1862: 0.016 | AK1862: 0.016 | AL1862: 0.016 | AM1862: 0.016 | AN1862: 0.016
A1863: Cuba | B1863: RESELC | C1863: 116 | D1863: 0.021 | E1863: 0.021 | F1863: 0.021 | G1863: 0.021 | H1863: 0.021 | I1863: 0.021 | J1863: 0.021 | K1863: 0.021 | L1863: 0.021 | M1863: 0.021 | N1863: 0.021 | O1863: 0.021 | P1863: 0.021 | Q1863: 0.021 | R1863: 0.021 | S1863: 0.021 | T1863: 0.021 | U1863: 0.021 | V1863: 0.021 | W1863: 0.021 | X1863: 0.021 | Y1863: 0.021 | Z1863: 0.021 | AA1863: 0.021 | AB1863: 0.021 | AC1863: 0.021 | AD1863: 0.021 | AE1863: 0.021 | AF1863: 0.021 | AG1863: 0.021 | AH1863: 0.021 | AI1863: 0.021 | AJ1863: 0.021 | AK1863: 0.021 | AL1863: 0.021 | AM1863: 0.021 | AN1863: 0.021
A1864: Cuba | B1864: RESELC | C1864: 117 | D1864: 0.015 | E1864: 0.015 | F1864: 0.015 | G1864: 0.015 | H1864: 0.015 | I1864: 0.015 | J1864: 0.015 | K1864: 0.015 | L1864: 0.015 | M1864: 0.015 | N1864: 0.015 | O1864: 0.015 | P1864: 0.015 | Q1864: 0.015 | R1864: 0.015 | S1864: 0.015 | T1864: 0.015 | U1864: 0.015 | V1864: 0.015 | W1864: 0.015 | X1864: 0.015 | Y1864: 0.015 | Z1864: 0.015 | AA1864: 0.015 | AB1864: 0.015 | AC1864: 0.015 | AD1864: 0.015 | AE1864: 0.015 | AF1864: 0.015 | AG1864: 0.015 | AH1864: 0.015 | AI1864: 0.015 | AJ1864: 0.015 | AK1864: 0.015 | AL1864: 0.015 | AM1864: 0.015 | AN1864: 0.015
A1865: Cuba | B1865: RESELC | C1865: 118 | D1865: 0.017 | E1865: 0.017 | F1865: 0.017 | G1865: 0.017 | H1865: 0.017 | I1865: 0.017 | J1865: 0.017 | K1865: 0.017 | L1865: 0.017 | M1865: 0.017 | N1865: 0.017 | O1865: 0.017 | P1865: 0.017 | Q1865: 0.017 | R1865: 0.017 | S1865: 0.017 | T1865: 0.017 | U1865: 0.017 | V1865: 0.017 | W1865: 0.017 | X1865: 0.017 | Y1865: 0.017 | Z1865: 0.017 | AA1865: 0.017 | AB1865: 0.017 | AC1865: 0.017 | AD1865: 0.017 | AE1865: 0.017 | AF1865: 0.017 | AG1865: 0.017 | AH1865: 0.017 | AI1865: 0.017 | AJ1865: 0.017 | AK1865: 0.017 | AL1865: 0.017 | AM1865: 0.017 | AN1865: 0.017
A1866: Cuba | B1866: RESELC | C1866: 121 | D1866: 0.014 | E1866: 0.014 | F1866: 0.014 | G1866: 0.014 | H1866: 0.014 | I1866: 0.014 | J1866: 0.014 | K1866: 0.014 | L1866: 0.014 | M1866: 0.014 | N1866: 0.014 | O1866: 0.014 | P1866: 0.014 | Q1866: 0.014 | R1866: 0.014 | S1866: 0.014 | T1866: 0.014 | U1866: 0.014 | V1866: 0.014 | W1866: 0.014 | X1866: 0.014 | Y1866: 0.014 | Z1866: 0.014 | AA1866: 0.014 | AB1866: 0.014 | AC1866: 0.014 | AD1866: 0.014 | AE1866: 0.014 | AF1866: 0.014 | AG1866: 0.014 | AH1866: 0.014 | AI1866: 0.014 | AJ1866: 0.014 | AK1866: 0.014 | AL1866: 0.014 | AM1866: 0.014 | AN1866: 0.014
A1867: Cuba | B1867: RESELC | C1867: 122 | D1867: 0.011 | E1867: 0.011 | F1867: 0.011 | G1867: 0.011 | H1867: 0.011 | I1867: 0.011 | J1867: 0.011 | K1867: 0.011 | L1867: 0.011 | M1867: 0.011 | N1867: 0.011 | O1867: 0.011 | P1867: 0.011 | Q1867: 0.011 | R1867: 0.011 | S1867: 0.011 | T1867: 0.011 | U1867: 0.011 | V1867: 0.011 | W1867: 0.011 | X1867: 0.011 | Y1867: 0.011 | Z1867: 0.011 | AA1867: 0.011 | AB1867: 0.011 | AC1867: 0.011 | AD1867: 0.011 | AE1867: 0.011 | AF1867: 0.011 | AG1867: 0.011 | AH1867: 0.011 | AI1867: 0.011 | AJ1867: 0.011 | AK1867: 0.011 | AL1867: 0.011 | AM1867: 0.011 | AN1867: 0.011
A1868: Cuba | B1868: RESELC | C1868: 123 | D1868: 0.005 | E1868: 0.005 | F1868: 0.005 | G1868: 0.005 | H1868: 0.005 | I1868: 0.005 | J1868: 0.005 | K1868: 0.005 | L1868: 0.005 | M1868: 0.005 | N1868: 0.005 | O1868: 0.005 | P1868: 0.005 | Q1868: 0.005 | R1868: 0.005 | S1868: 0.005 | T1868: 0.005 | U1868: 0.005 | V1868: 0.005 | W1868: 0.005 | X1868: 0.005 | Y1868: 0.005 | Z1868: 0.005 | AA1868: 0.005 | AB1868: 0.005 | AC1868: 0.005 | AD1868: 0.005 | AE1868: 0.005 | AF1868: 0.005 | AG1868: 0.005 | AH1868: 0.005 | AI1868: 0.005 | AJ1868: 0.005 | AK1868: 0.005 | AL1868: 0.005 | AM1868: 0.005 | AN1868: 0.005
A1869: Cuba | B1869: RESELC | C1869: 124 | D1869: 0.009 | E1869: 0.009 | F1869: 0.009 | G1869: 0.009 | H1869: 0.009 | I1869: 0.009 | J1869: 0.009 | K1869: 0.009 | L1869: 0.009 | M1869: 0.009 | N1869: 0.009 | O1869: 0.009 | P1869: 0.009 | Q1869: 0.009 | R1869: 0.009 | S1869: 0.009 | T1869: 0.009 | U1869: 0.009 | V1869: 0.009 | W1869: 0.009 | X1869: 0.009 | Y1869: 0.009 | Z1869: 0.009 | AA1869: 0.009 | AB1869: 0.009 | AC1869: 0.009 | AD1869: 0.009 | AE1869: 0.009 | AF1869: 0.009 | AG1869: 0.009 | AH1869: 0.009 | AI1869: 0.009 | AJ1869: 0.009 | AK1869: 0.009 | AL1869: 0.009 | AM1869: 0.009 | AN1869: 0.009
... A1921: Cuba | B1921: RESELC | C1921: 428 | D1921: 0.007 | E1921: 0.007 | F1921: 0.007 | G1921: 0.007 | H1921: 0.007 | I1921: 0.007 | J1921: 0.007 | K1921: 0.007 | L1921: 0.007 | M1921: 0.007 | N1921: 0.007 | O1921: 0.007 | P1921: 0.007 | Q1921: 0.007 | R1921: 0.007 | S1921: 0.007 | T1921: 0.007 | U1921: 0.007 | V1921: 0.007 | W1921: 0.007 | X1921: 0.007 | Y1921: 0.007 | Z1921: 0.007 | AA1921: 0.007 | AB1921: 0.007 | AC1921: 0.007 | AD1921: 0.007 | AE1921: 0.007 | AF1921: 0.007 | AG1921: 0.007 | AH1921: 0.007 | AI1921: 0.007 | AJ1921: 0.007 | AK1921: 0.007 | AL1921: 0.007 | AM1921: 0.007 | AN1921: 0.007
A1922: Cuba | B1922: RESCKN | C1922: 111
A1923: Cuba | B1923: RESCKN | C1923: 112
A1924: Cuba | B1924: RESCKN | C1924: 113
A1925: Cuba | B1925: RESCKN | C1925: 114
A1926: Cuba | B1926: RESCKN | C1926: 115
A1927: Cuba | B1927: RESCKN | C1927: 116
A1928: Cuba | B1928: RESCKN | C1928: 117
A1929: Cuba | B1929: RESCKN | C1929: 118
A1930: Cuba | B1930: RESCKN | C1930: 121
A1931: Cuba | B1931: RESCKN | C1931: 122
A1932: Cuba | B1932: RESCKN | C1932: 123
A1933: Cuba | B1933: RESCKN | C1933: 124
... A2049: Cuba | B2049: RESHEL | C2049: 428
A2050: Cuba | B2050: COMELC | C2050: 111 | D2050: 0.032 | E2050: 0.032 | F2050: 0.032 | G2050: 0.032 | H2050: 0.032 | I2050: 0.032 | J2050: 0.032 | K2050: 0.032 | L2050: 0.032 | M2050: 0.032 | N2050: 0.032 | O2050: 0.032 | P2050: 0.032 | Q2050: 0.032 | R2050: 0.032 | S2050: 0.032 | T2050: 0.032 | U2050: 0.032 | V2050: 0.032 | W2050: 0.032 | X2050: 0.032 | Y2050: 0.032 | Z2050: 0.032 | AA2050: 0.032 | AB2050: 0.032 | AC2050: 0.032 | AD2050: 0.032 | AE2050: 0.032 | AF2050: 0.032 | AG2050: 0.032 | AH2050: 0.032 | AI2050: 0.032 | AJ2050: 0.032 | AK2050: 0.032 | AL2050: 0.032 | AM2050: 0.032 | AN2050: 0.032
A2051: Cuba | B2051: COMELC | C2051: 112 | D2051: 0.025 | E2051: 0.025 | F2051: 0.025 | G2051: 0.025 | H2051: 0.025 | I2051: 0.025 | J2051: 0.025 | K2051: 0.025 | L2051: 0.025 | M2051: 0.025 | N2051: 0.025 | O2051: 0.025 | P2051: 0.025 | Q2051: 0.025 | R2051: 0.025 | S2051: 0.025 | T2051: 0.025 | U2051: 0.025 | V2051: 0.025 | W2051: 0.025 | X2051: 0.025 | Y2051: 0.025 | Z2051: 0.025 | AA2051: 0.025 | AB2051: 0.025 | AC2051: 0.025 | AD2051: 0.025 | AE2051: 0.025 | AF2051: 0.025 | AG2051: 0.025 | AH2051: 0.025 | AI2051: 0.025 | AJ2051: 0.025 | AK2051: 0.025 | AL2051: 0.025 | AM2051: 0.025 | AN2051: 0.025
A2052: Cuba | B2052: COMELC | C2052: 113 | D2052: 0.012 | E2052: 0.012 | F2052: 0.012 | G2052: 0.012 | H2052: 0.012 | I2052: 0.012 | J2052: 0.012 | K2052: 0.012 | L2052: 0.012 | M2052: 0.012 | N2052: 0.012 | O2052: 0.012 | P2052: 0.012 | Q2052: 0.012 | R2052: 0.012 | S2052: 0.012 | T2052: 0.012 | U2052: 0.012 | V2052: 0.012 | W2052: 0.012 | X2052: 0.012 | Y2052: 0.012 | Z2052: 0.012 | AA2052: 0.012 | AB2052: 0.012 | AC2052: 0.012 | AD2052: 0.012 | AE2052: 0.012 | AF2052: 0.012 | AG2052: 0.012 | AH2052: 0.012 | AI2052: 0.012 | AJ2052: 0.012 | AK2052: 0.012 | AL2052: 0.012 | AM2052: 0.012 | AN2052: 0.012
A2053: Cuba | B2053: COMELC | C2053: 114 | D2053: 0.02 | E2053: 0.02 | F2053: 0.02 | G2053: 0.02 | H2053: 0.02 | I2053: 0.02 | J2053: 0.02 | K2053: 0.02 | L2053: 0.02 | M2053: 0.02 | N2053: 0.02 | O2053: 0.02 | P2053: 0.02 | Q2053: 0.02 | R2053: 0.02 | S2053: 0.02 | T2053: 0.02 | U2053: 0.02 | V2053: 0.02 | W2053: 0.02 | X2053: 0.02 | Y2053: 0.02 | Z2053: 0.02 | AA2053: 0.02 | AB2053: 0.02 | AC2053: 0.02 | AD2053: 0.02 | AE2053: 0.02 | AF2053: 0.02 | AG2053: 0.02 | AH2053: 0.02 | AI2053: 0.02 | AJ2053: 0.02 | AK2053: 0.02 | AL2053: 0.02 | AM2053: 0.02 | AN2053: 0.02
A2054: Cuba | B2054: COMELC | C2054: 115 | D2054: 0.016 | E2054: 0.016 | F2054: 0.016 | G2054: 0.016 | H2054: 0.016 | I2054: 0.016 | J2054: 0.016 | K2054: 0.016 | L2054: 0.016 | M2054: 0.016 | N2054: 0.016 | O2054: 0.016 | P2054: 0.016 | Q2054: 0.016 | R2054: 0.016 | S2054: 0.016 | T2054: 0.016 | U2054: 0.016 | V2054: 0.016 | W2054: 0.016 | X2054: 0.016 | Y2054: 0.016 | Z2054: 0.016 | AA2054: 0.016 | AB2054: 0.016 | AC2054: 0.016 | AD2054: 0.016 | AE2054: 0.016 | AF2054: 0.016 | AG2054: 0.016 | AH2054: 0.016 | AI2054: 0.016 | AJ2054: 0.016 | AK2054: 0.016 | AL2054: 0.016 | AM2054: 0.016 | AN2054: 0.016
A2055: Cuba | B2055: COMELC | C2055: 116 | D2055: 0.021 | E2055: 0.021 | F2055: 0.021 | G2055: 0.021 | H2055: 0.021 | I2055: 0.021 | J2055: 0.021 | K2055: 0.021 | L2055: 0.021 | M2055: 0.021 | N2055: 0.021 | O2055: 0.021 | P2055: 0.021 | Q2055: 0.021 | R2055: 0.021 | S2055: 0.021 | T2055: 0.021 | U2055: 0.021 | V2055: 0.021 | W2055: 0.021 | X2055: 0.021 | Y2055: 0.021 | Z2055: 0.021 | AA2055: 0.021 | AB2055: 0.021 | AC2055: 0.021 | AD2055: 0.021 | AE2055: 0.021 | AF2055: 0.021 | AG2055: 0.021 | AH2055: 0.021 | AI2055: 0.021 | AJ2055: 0.021 | AK2055: 0.021 | AL2055: 0.021 | AM2055: 0.021 | AN2055: 0.021
A2056: Cuba | B2056: COMELC | C2056: 117 | D2056: 0.015 | E2056: 0.015 | F2056: 0.015 | G2056: 0.015 | H2056: 0.015 | I2056: 0.015 | J2056: 0.015 | K2056: 0.015 | L2056: 0.015 | M2056: 0.015 | N2056: 0.015 | O2056: 0.015 | P2056: 0.015 | Q2056: 0.015 | R2056: 0.015 | S2056: 0.015 | T2056: 0.015 | U2056: 0.015 | V2056: 0.015 | W2056: 0.015 | X2056: 0.015 | Y2056: 0.015 | Z2056: 0.015 | AA2056: 0.015 | AB2056: 0.015 | AC2056: 0.015 | AD2056: 0.015 | AE2056: 0.015 | AF2056: 0.015 | AG2056: 0.015 | AH2056: 0.015 | AI2056: 0.015 | AJ2056: 0.015 | AK2056: 0.015 | AL2056: 0.015 | AM2056: 0.015 | AN2056: 0.015
A2057: Cuba | B2057: COMELC | C2057: 118 | D2057: 0.017 | E2057: 0.017 | F2057: 0.017 | G2057: 0.017 | H2057: 0.017 | I2057: 0.017 | J2057: 0.017 | K2057: 0.017 | L2057: 0.017 | M2057: 0.017 | N2057: 0.017 | O2057: 0.017 | P2057: 0.017 | Q2057: 0.017 | R2057: 0.017 | S2057: 0.017 | T2057: 0.017 | U2057: 0.017 | V2057: 0.017 | W2057: 0.017 | X2057: 0.017 | Y2057: 0.017 | Z2057: 0.017 | AA2057: 0.017 | AB2057: 0.017 | AC2057: 0.017 | AD2057: 0.017 | AE2057: 0.017 | AF2057: 0.017 | AG2057: 0.017 | AH2057: 0.017 | AI2057: 0.017 | AJ2057: 0.017 | AK2057: 0.017 | AL2057: 0.017 | AM2057: 0.017 | AN2057: 0.017
A2058: Cuba | B2058: COMELC | C2058: 121 | D2058: 0.014 | E2058: 0.014 | F2058: 0.014 | G2058: 0.014 | H2058: 0.014 | I2058: 0.014 | J2058: 0.014 | K2058: 0.014 | L2058: 0.014 | M2058: 0.014 | N2058: 0.014 | O2058: 0.014 | P2058: 0.014 | Q2058: 0.014 | R2058: 0.014 | S2058: 0.014 | T2058: 0.014 | U2058: 0.014 | V2058: 0.014 | W2058: 0.014 | X2058: 0.014 | Y2058: 0.014 | Z2058: 0.014 | AA2058: 0.014 | AB2058: 0.014 | AC2058: 0.014 | AD2058: 0.014 | AE2058: 0.014 | AF2058: 0.014 | AG2058: 0.014 | AH2058: 0.014 | AI2058: 0.014 | AJ2058: 0.014 | AK2058: 0.014 | AL2058: 0.014 | AM2058: 0.014 | AN2058: 0.014
A2059: Cuba | B2059: COMELC | C2059: 122 | D2059: 0.011 | E2059: 0.011 | F2059: 0.011 | G2059: 0.011 | H2059: 0.011 | I2059: 0.011 | J2059: 0.011 | K2059: 0.011 | L2059: 0.011 | M2059: 0.011 | N2059: 0.011 | O2059: 0.011 | P2059: 0.011 | Q2059: 0.011 | R2059: 0.011 | S2059: 0.011 | T2059: 0.011 | U2059: 0.011 | V2059: 0.011 | W2059: 0.011 | X2059: 0.011 | Y2059: 0.011 | Z2059: 0.011 | AA2059: 0.011 | AB2059: 0.011 | AC2059: 0.011 | AD2059: 0.011 | AE2059: 0.011 | AF2059: 0.011 | AG2059: 0.011 | AH2059: 0.011 | AI2059: 0.011 | AJ2059: 0.011 | AK2059: 0.011 | AL2059: 0.011 | AM2059: 0.011 | AN2059: 0.011
A2060: Cuba | B2060: COMELC | C2060: 123 | D2060: 0.005 | E2060: 0.005 | F2060: 0.005 | G2060: 0.005 | H2060: 0.005 | I2060: 0.005 | J2060: 0.005 | K2060: 0.005 | L2060: 0.005 | M2060: 0.005 | N2060: 0.005 | O2060: 0.005 | P2060: 0.005 | Q2060: 0.005 | R2060: 0.005 | S2060: 0.005 | T2060: 0.005 | U2060: 0.005 | V2060: 0.005 | W2060: 0.005 | X2060: 0.005 | Y2060: 0.005 | Z2060: 0.005 | AA2060: 0.005 | AB2060: 0.005 | AC2060: 0.005 | AD2060: 0.005 | AE2060: 0.005 | AF2060: 0.005 | AG2060: 0.005 | AH2060: 0.005 | AI2060: 0.005 | AJ2060: 0.005 | AK2060: 0.005 | AL2060: 0.005 | AM2060: 0.005 | AN2060: 0.005
A2061: Cuba | B2061: COMELC | C2061: 124 | D2061: 0.009 | E2061: 0.009 | F2061: 0.009 | G2061: 0.009 | H2061: 0.009 | I2061: 0.009 | J2061: 0.009 | K2061: 0.009 | L2061: 0.009 | M2061: 0.009 | N2061: 0.009 | O2061: 0.009 | P2061: 0.009 | Q2061: 0.009 | R2061: 0.009 | S2061: 0.009 | T2061: 0.009 | U2061: 0.009 | V2061: 0.009 | W2061: 0.009 | X2061: 0.009 | Y2061: 0.009 | Z2061: 0.009 | AA2061: 0.009 | AB2061: 0.009 | AC2061: 0.009 | AD2061: 0.009 | AE2061: 0.009 | AF2061: 0.009 | AG2061: 0.009 | AH2061: 0.009 | AI2061: 0.009 | AJ2061: 0.009 | AK2061: 0.009 | AL2061: 0.009 | AM2061: 0.009 | AN2061: 0.009
... A2113: Cuba | B2113: COMELC | C2113: 428 | D2113: 0.007 | E2113: 0.007 | F2113: 0.007 | G2113: 0.007 | H2113: 0.007 | I2113: 0.007 | J2113: 0.007 | K2113: 0.007 | L2113: 0.007 | M2113: 0.007 | N2113: 0.007 | O2113: 0.007 | P2113: 0.007 | Q2113: 0.007 | R2113: 0.007 | S2113: 0.007 | T2113: 0.007 | U2113: 0.007 | V2113: 0.007 | W2113: 0.007 | X2113: 0.007 | Y2113: 0.007 | Z2113: 0.007 | AA2113: 0.007 | AB2113: 0.007 | AC2113: 0.007 | AD2113: 0.007 | AE2113: 0.007 | AF2113: 0.007 | AG2113: 0.007 | AH2113: 0.007 | AI2113: 0.007 | AJ2113: 0.007 | AK2113: 0.007 | AL2113: 0.007 | AM2113: 0.007 | AN2113: 0.007
A2114: Cuba | B2114: COMHEL | C2114: 111
A2115: Cuba | B2115: COMHEL | C2115: 112
A2116: Cuba | B2116: COMHEL | C2116: 113
A2117: Cuba | B2117: COMHEL | C2117: 114
A2118: Cuba | B2118: COMHEL | C2118: 115
A2119: Cuba | B2119: COMHEL | C2119: 116
A2120: Cuba | B2120: COMHEL | C2120: 117
A2121: Cuba | B2121: COMHEL | C2121: 118
A2122: Cuba | B2122: COMHEL | C2122: 121
A2123: Cuba | B2123: COMHEL | C2123: 122
A2124: Cuba | B2124: COMHEL | C2124: 123
A2125: Cuba | B2125: COMHEL | C2125: 124
... A2625: Cuba | B2625: TRABUSDMY | C2625: 428
A2626: Cuba | B2626: PRIVATEELC | C2626: 111 | D2626: 0.032 | E2626: 0.032 | F2626: 0.032 | G2626: 0.032 | H2626: 0.032 | I2626: 0.032 | J2626: 0.032 | K2626: 0.032 | L2626: 0.032 | M2626: 0.032 | N2626: 0.032 | O2626: 0.032 | P2626: 0.032 | Q2626: 0.032 | R2626: 0.032 | S2626: 0.032 | T2626: 0.032 | U2626: 0.032 | V2626: 0.032 | W2626: 0.032 | X2626: 0.032 | Y2626: 0.032 | Z2626: 0.032 | AA2626: 0.032 | AB2626: 0.032 | AC2626: 0.032 | AD2626: 0.032 | AE2626: 0.032 | AF2626: 0.032 | AG2626: 0.032 | AH2626: 0.032 | AI2626: 0.032 | AJ2626: 0.032 | AK2626: 0.032 | AL2626: 0.032 | AM2626: 0.032 | AN2626: 0.032
A2627: Cuba | B2627: PRIVATEELC | C2627: 112 | D2627: 0.025 | E2627: 0.025 | F2627: 0.025 | G2627: 0.025 | H2627: 0.025 | I2627: 0.025 | J2627: 0.025 | K2627: 0.025 | L2627: 0.025 | M2627: 0.025 | N2627: 0.025 | O2627: 0.025 | P2627: 0.025 | Q2627: 0.025 | R2627: 0.025 | S2627: 0.025 | T2627: 0.025 | U2627: 0.025 | V2627: 0.025 | W2627: 0.025 | X2627: 0.025 | Y2627: 0.025 | Z2627: 0.025 | AA2627: 0.025 | AB2627: 0.025 | AC2627: 0.025 | AD2627: 0.025 | AE2627: 0.025 | AF2627: 0.025 | AG2627: 0.025 | AH2627: 0.025 | AI2627: 0.025 | AJ2627: 0.025 | AK2627: 0.025 | AL2627: 0.025 | AM2627: 0.025 | AN2627: 0.025
A2628: Cuba | B2628: PRIVATEELC | C2628: 113 | D2628: 0.012 | E2628: 0.012 | F2628: 0.012 | G2628: 0.012 | H2628: 0.012 | I2628: 0.012 | J2628: 0.012 | K2628: 0.012 | L2628: 0.012 | M2628: 0.012 | N2628: 0.012 | O2628: 0.012 | P2628: 0.012 | Q2628: 0.012 | R2628: 0.012 | S2628: 0.012 | T2628: 0.012 | U2628: 0.012 | V2628: 0.012 | W2628: 0.012 | X2628: 0.012 | Y2628: 0.012 | Z2628: 0.012 | AA2628: 0.012 | AB2628: 0.012 | AC2628: 0.012 | AD2628: 0.012 | AE2628: 0.012 | AF2628: 0.012 | AG2628: 0.012 | AH2628: 0.012 | AI2628: 0.012 | AJ2628: 0.012 | AK2628: 0.012 | AL2628: 0.012 | AM2628: 0.012 | AN2628: 0.012
A2629: Cuba | B2629: PRIVATEELC | C2629: 114 | D2629: 0.02 | E2629: 0.02 | F2629: 0.02 | G2629: 0.02 | H2629: 0.02 | I2629: 0.02 | J2629: 0.02 | K2629: 0.02 | L2629: 0.02 | M2629: 0.02 | N2629: 0.02 | O2629: 0.02 | P2629: 0.02 | Q2629: 0.02 | R2629: 0.02 | S2629: 0.02 | T2629: 0.02 | U2629: 0.02 | V2629: 0.02 | W2629: 0.02 | X2629: 0.02 | Y2629: 0.02 | Z2629: 0.02 | AA2629: 0.02 | AB2629: 0.02 | AC2629: 0.02 | AD2629: 0.02 | AE2629: 0.02 | AF2629: 0.02 | AG2629: 0.02 | AH2629: 0.02 | AI2629: 0.02 | AJ2629: 0.02 | AK2629: 0.02 | AL2629: 0.02 | AM2629: 0.02 | AN2629: 0.02
A2630: Cuba | B2630: PRIVATEELC | C2630: 115 | D2630: 0.016 | E2630: 0.016 | F2630: 0.016 | G2630: 0.016 | H2630: 0.016 | I2630: 0.016 | J2630: 0.016 | K2630: 0.016 | L2630: 0.016 | M2630: 0.016 | N2630: 0.016 | O2630: 0.016 | P2630: 0.016 | Q2630: 0.016 | R2630: 0.016 | S2630: 0.016 | T2630: 0.016 | U2630: 0.016 | V2630: 0.016 | W2630: 0.016 | X2630: 0.016 | Y2630: 0.016 | Z2630: 0.016 | AA2630: 0.016 | AB2630: 0.016 | AC2630: 0.016 | AD2630: 0.016 | AE2630: 0.016 | AF2630: 0.016 | AG2630: 0.016 | AH2630: 0.016 | AI2630: 0.016 | AJ2630: 0.016 | AK2630: 0.016 | AL2630: 0.016 | AM2630: 0.016 | AN2630: 0.016
A2631: Cuba | B2631: PRIVATEELC | C2631: 116 | D2631: 0.021 | E2631: 0.021 | F2631: 0.021 | G2631: 0.021 | H2631: 0.021 | I2631: 0.021 | J2631: 0.021 | K2631: 0.021 | L2631: 0.021 | M2631: 0.021 | N2631: 0.021 | O2631: 0.021 | P2631: 0.021 | Q2631: 0.021 | R2631: 0.021 | S2631: 0.021 | T2631: 0.021 | U2631: 0.021 | V2631: 0.021 | W2631: 0.021 | X2631: 0.021 | Y2631: 0.021 | Z2631: 0.021 | AA2631: 0.021 | AB2631: 0.021 | AC2631: 0.021 | AD2631: 0.021 | AE2631: 0.021 | AF2631: 0.021 | AG2631: 0.021 | AH2631: 0.021 | AI2631: 0.021 | AJ2631: 0.021 | AK2631: 0.021 | AL2631: 0.021 | AM2631: 0.021 | AN2631: 0.021
A2632: Cuba | B2632: PRIVATEELC | C2632: 117 | D2632: 0.015 | E2632: 0.015 | F2632: 0.015 | G2632: 0.015 | H2632: 0.015 | I2632: 0.015 | J2632: 0.015 | K2632: 0.015 | L2632: 0.015 | M2632: 0.015 | N2632: 0.015 | O2632: 0.015 | P2632: 0.015 | Q2632: 0.015 | R2632: 0.015 | S2632: 0.015 | T2632: 0.015 | U2632: 0.015 | V2632: 0.015 | W2632: 0.015 | X2632: 0.015 | Y2632: 0.015 | Z2632: 0.015 | AA2632: 0.015 | AB2632: 0.015 | AC2632: 0.015 | AD2632: 0.015 | AE2632: 0.015 | AF2632: 0.015 | AG2632: 0.015 | AH2632: 0.015 | AI2632: 0.015 | AJ2632: 0.015 | AK2632: 0.015 | AL2632: 0.015 | AM2632: 0.015 | AN2632: 0.015
A2633: Cuba | B2633: PRIVATEELC | C2633: 118 | D2633: 0.017 | E2633: 0.017 | F2633: 0.017 | G2633: 0.017 | H2633: 0.017 | I2633: 0.017 | J2633: 0.017 | K2633: 0.017 | L2633: 0.017 | M2633: 0.017 | N2633: 0.017 | O2633: 0.017 | P2633: 0.017 | Q2633: 0.017 | R2633: 0.017 | S2633: 0.017 | T2633: 0.017 | U2633: 0.017 | V2633: 0.017 | W2633: 0.017 | X2633: 0.017 | Y2633: 0.017 | Z2633: 0.017 | AA2633: 0.017 | AB2633: 0.017 | AC2633: 0.017 | AD2633: 0.017 | AE2633: 0.017 | AF2633: 0.017 | AG2633: 0.017 | AH2633: 0.017 | AI2633: 0.017 | AJ2633: 0.017 | AK2633: 0.017 | AL2633: 0.017 | AM2633: 0.017 | AN2633: 0.017
A2634: Cuba | B2634: PRIVATEELC | C2634: 121 | D2634: 0.014 | E2634: 0.014 | F2634: 0.014 | G2634: 0.014 | H2634: 0.014 | I2634: 0.014 | J2634: 0.014 | K2634: 0.014 | L2634: 0.014 | M2634: 0.014 | N2634: 0.014 | O2634: 0.014 | P2634: 0.014 | Q2634: 0.014 | R2634: 0.014 | S2634: 0.014 | T2634: 0.014 | U2634: 0.014 | V2634: 0.014 | W2634: 0.014 | X2634: 0.014 | Y2634: 0.014 | Z2634: 0.014 | AA2634: 0.014 | AB2634: 0.014 | AC2634: 0.014 | AD2634: 0.014 | AE2634: 0.014 | AF2634: 0.014 | AG2634: 0.014 | AH2634: 0.014 | AI2634: 0.014 | AJ2634: 0.014 | AK2634: 0.014 | AL2634: 0.014 | AM2634: 0.014 | AN2634: 0.014
A2635: Cuba | B2635: PRIVATEELC | C2635: 122 | D2635: 0.011 | E2635: 0.011 | F2635: 0.011 | G2635: 0.011 | H2635: 0.011 | I2635: 0.011 | J2635: 0.011 | K2635: 0.011 | L2635: 0.011 | M2635: 0.011 | N2635: 0.011 | O2635: 0.011 | P2635: 0.011 | Q2635: 0.011 | R2635: 0.011 | S2635: 0.011 | T2635: 0.011 | U2635: 0.011 | V2635: 0.011 | W2635: 0.011 | X2635: 0.011 | Y2635: 0.011 | Z2635: 0.011 | AA2635: 0.011 | AB2635: 0.011 | AC2635: 0.011 | AD2635: 0.011 | AE2635: 0.011 | AF2635: 0.011 | AG2635: 0.011 | AH2635: 0.011 | AI2635: 0.011 | AJ2635: 0.011 | AK2635: 0.011 | AL2635: 0.011 | AM2635: 0.011 | AN2635: 0.011
A2636: Cuba | B2636: PRIVATEELC | C2636: 123 | D2636: 0.005 | E2636: 0.005 | F2636: 0.005 | G2636: 0.005 | H2636: 0.005 | I2636: 0.005 | J2636: 0.005 | K2636: 0.005 | L2636: 0.005 | M2636: 0.005 | N2636: 0.005 | O2636: 0.005 | P2636: 0.005 | Q2636: 0.005 | R2636: 0.005 | S2636: 0.005 | T2636: 0.005 | U2636: 0.005 | V2636: 0.005 | W2636: 0.005 | X2636: 0.005 | Y2636: 0.005 | Z2636: 0.005 | AA2636: 0.005 | AB2636: 0.005 | AC2636: 0.005 | AD2636: 0.005 | AE2636: 0.005 | AF2636: 0.005 | AG2636: 0.005 | AH2636: 0.005 | AI2636: 0.005 | AJ2636: 0.005 | AK2636: 0.005 | AL2636: 0.005 | AM2636: 0.005 | AN2636: 0.005
A2637: Cuba | B2637: PRIVATEELC | C2637: 124 | D2637: 0.009 | E2637: 0.009 | F2637: 0.009 | G2637: 0.009 | H2637: 0.009 | I2637: 0.009 | J2637: 0.009 | K2637: 0.009 | L2637: 0.009 | M2637: 0.009 | N2637: 0.009 | O2637: 0.009 | P2637: 0.009 | Q2637: 0.009 | R2637: 0.009 | S2637: 0.009 | T2637: 0.009 | U2637: 0.009 | V2637: 0.009 | W2637: 0.009 | X2637: 0.009 | Y2637: 0.009 | Z2637: 0.009 | AA2637: 0.009 | AB2637: 0.009 | AC2637: 0.009 | AD2637: 0.009 | AE2637: 0.009 | AF2637: 0.009 | AG2637: 0.009 | AH2637: 0.009 | AI2637: 0.009 | AJ2637: 0.009 | AK2637: 0.009 | AL2637: 0.009 | AM2637: 0.009 | AN2637: 0.009
... A2689: Cuba | B2689: PRIVATEELC | C2689: 428 | D2689: 0.007 | E2689: 0.007 | F2689: 0.007 | G2689: 0.007 | H2689: 0.007 | I2689: 0.007 | J2689: 0.007 | K2689: 0.007 | L2689: 0.007 | M2689: 0.007 | N2689: 0.007 | O2689: 0.007 | P2689: 0.007 | Q2689: 0.007 | R2689: 0.007 | S2689: 0.007 | T2689: 0.007 | U2689: 0.007 | V2689: 0.007 | W2689: 0.007 | X2689: 0.007 | Y2689: 0.007 | Z2689: 0.007 | AA2689: 0.007 | AB2689: 0.007 | AC2689: 0.007 | AD2689: 0.007 | AE2689: 0.007 | AF2689: 0.007 | AG2689: 0.007 | AH2689: 0.007 | AI2689: 0.007 | AJ2689: 0.007 | AK2689: 0.007 | AL2689: 0.007 | AM2689: 0.007 | AN2689: 0.007
A2690: Cuba | B2690: AUXFUEL02 | C2690: 111
A2691: Cuba | B2691: AUXFUEL02 | C2691: 112
A2692: Cuba | B2692: AUXFUEL02 | C2692: 113
A2693: Cuba | B2693: AUXFUEL02 | C2693: 114
A2694: Cuba | B2694: AUXFUEL02 | C2694: 115
A2695: Cuba | B2695: AUXFUEL02 | C2695: 116
A2696: Cuba | B2696: AUXFUEL02 | C2696: 117
A2697: Cuba | B2697: AUXFUEL02 | C2697: 118
A2698: Cuba | B2698: AUXFUEL02 | C2698: 121
A2699: Cuba | B2699: AUXFUEL02 | C2699: 122
A2700: Cuba | B2700: AUXFUEL02 | C2700: 123
A2701: Cuba | B2701: AUXFUEL02 | C2701: 124
... A3393: Cuba | B3393: AUXFUEL12 | C3393: 428

Sheet AAD
A1: REGION | B1: FUEL | C1: 2019 | D1: 2020 | E1: 2021 | F1: 2022 | G1: 2023 | H1: 2024 | I1: 2025 | J1: 2026 | K1: 2027 | L1: 2028 | M1: 2029 | N1: 2030 | O1: 2031 | P1: 2032 | Q1: 2033 | R1: 2034 | S1: 2035 | T1: 2036 | U1: 2037 | V1: 2038 | W1: 2039 | X1: 2040 | Y1: 2041 | Z1: 2042 | AA1: 2043 | AB1: 2044 | AC1: 2045 | AD1: 2046 | AE1: 2047 | AF1: 2048 | AG1: 2049 | AH1: 2050 | AI1: 2051 | AJ1: 2052 | AK1: 2053 | AL1: 2054 | AM1: 2055
A2: Cuba | B2: CRUD
A3: Cuba | B3: HFO01
A4: Cuba | B4: HFO02
A5: Cuba | B5: LFO
A6: Cuba | B6: DSL
A7: Cuba | B7: NG
A8: Cuba | B8: BIO01
A9: Cuba | B9: BIO02
A10: Cuba | B10: BIO03
A11: Cuba | B11: BIO04
A12: Cuba | B12: GASOLINE
A13: Cuba | B13: KEROSENE
... A54: Cuba | B54: AUXFUEL12

Sheet C2AU
A1: REGION | B1: IMPCRUDE | C1: MINCRUDE | D1: IMPHFO01 | E1: IMPHFO02 | F1: IMPLFO | G1: MINDIESEL | H1: IMPDIESEL | I1: IMPNG | J1: MINNG | K1: MINBIO1 | L1: MINBIO2 | M1: MINBIO3 | N1: MINBIO4 | O1: IMPBIO | P1: MINKEROSEN | Q1: IMPKEROSEN | R1: MINALCOHOL | S1: MINGASOLINE | T1: IMPGASOLINE | U1: MINSOL | V1: MINWIND | W1: MINHYDRO | X1: PWRCRUD001 | Y1: PWRCRUD002 | Z1: PWRCRUD003 | AA1: PWRCRUD004 | AB1: PWRCRUD008 | AC1: PWRCRUD005 | AD1: PWRCRUD006 | AE1: PWRCRUD007 | AF1: PWRCRUD009 | AG1: PWRNG01 | AH1: PWRNG02 | AI1: PWRGHFO2 | AJ1: PWRBIO01 | AK1: PWRBIO02 | AL1: PWRWND001 | AM1: PWRWND002 | AN1: PWRPV01 | AO1: PWRPV02 | AP1: PWRPV03 | AQ1: PWRCSP | AR1: PWRFO | AS1: PWRDSL | AT1: PWRHYD01 | AU1: PWRHYD02 | AV1: PWRTBATT01 | AW1: PWRTBATT02 | AX1: PWRTBATT03 | AY1: PWRTBATT04 | AZ1: TRANSMISSION | BA1: DISTRIBUTION | BB1: DEMRESIDEN | BC1: DEMPRIVATE | BD1: DEMCOMERC | BE1: DEMINDUST | BF1: DEMLIGTH | BG1: DEMTRAEVC | BH1: DEMTRACARELC | BI1: DEMTRAMCYELC | BJ1: DEMTRABUSELC | BK1: DEMTRACARGSL | BL1: DEMTRAMCYGSL | BM1: DEMTRABUSGSL | BN1: DEMTRABUSDSL | BO1: DEMTRAFREGHTCARELC | BP1: DEMTRAFREGHTCARDSL | BQ1: DEMTRACAR | BR1: DEMTRAMCY | BS1: DEMTRAAUX01 | BT1: DEMTRAAUX02 | BU1: DEMTRAAUX03 | BV1: DEMTRAAUX04 | BW1: RESIDENEFFGO | BX1: RESIDENEFFDP | BY1: DEMRESCKNBIO | BZ1: DEMRESCKNELC | CA1: DEMRESCKNNG | CB1: DEMRESCKNKS | CC1: DEMRESCKNALC | CD1: DEMRESCOOL | CE1: DEMRESAUX01 | CF1: DEMRESAUX02 | CG1: DEMRESAUX03 | CH1: DEMRESAUX04 | CI1: DEMCOMERCEFFGO | CJ1: DEMCOMERCEFFDP | CK1: DEMCOMERCHEBIO | CL1: DEMCOMERCHEEL | CM1: DEMCOMERCHEOIL | CN1: DEMCOMERCAUX01 | CO1: DEMCOMERCAUX02 | CP1: DEMCOMERCAUX03 | CQ1: DEMINDUSTEFFGO | CR1: DEMINDUSTEFFDP | CS1: DEMINDUSTHEBIO | CT1: DEMINDUSTHEEL | CU1: DEMINDUSTHEOIL | CV1: DEMINDUSTHENG | CW1: DEMINDUSTAUX01 | CX1: DEMINDUSTAUX02 | CY1: DEMINDUSTAUX03 | CZ1: GASLIQUED | DA1: EXPORT01 | DB1: EXPORT02 | DC1: EXPORT03 | DD1: IMPORT01 | DE1: IMPORT02 | DF1: IMPORT03 | DG1: VOLL_TECH | DH1: BSTOP02 | DI1: BSTOP03 | DJ1: BSTOP04 | DK1: BSTOP05 | DL1: BSTOP06 | DM1: BSTOP07 | DN1: BSTOP08 | DO1: BSTOP09 | DP1: BSTOP10 | DQ1: BSTOP11 | DR1: BSTOP12 | DS1: BSTOP13 | DT1: BSTOP14 | DU1: BSTOP15 | DV1: AUXTECH01 | DW1: AUXTECH02 | DX1: AUXTECH03 | DY1: AUXTECH04 | DZ1: AUXTECH05 | EA1: AUXTECH06 | EB1: AUXTECH07 | EC1: AUXTECH08 | ED1: AUXTECH09 | EE1: AUXTECH10
A2: Cuba | X2: 31.536 | Y2: 31.536 | Z2: 31.536 | AA2: 31.536 | AB2: 31.536 | AC2: 31.536 | AD2: 31.536 | AE2: 31.536 | AF2: 31.536 | AG2: 31.536 | AH2: 31.536 | AI2: 31.536 | AJ2: 31.536 | AK2: 31.536 | AL2: 31.536 | AM2: 31.536 | AN2: 31.536 | AO2: 31.536 | AP2: 31.536 | AQ2: 31.536 | AR2: 31.536 | AS2: 31.536 | AT2: 31.536 | AU2: 31.536 | AV2: 31.536 | AW2: 31.536 | AX2: 31.536 | AY2: 31.536 | AZ2: 31.536 | BA2: 31.536 | DG2: 31.536 | DH2: 31.536 | DI2: 31.536 | DJ2: 31.536 | DV2: 31.536

Sheet CF
A1: REGION | B1: TECHNOLOGY | C1: TIMESLICE | D1: 2019 | E1: 2020 | F1: 2021 | G1: 2022 | H1: 2023 | I1: 2024 | J1: 2025 | K1: 2026 | L1: 2027 | M1: 2028 | N1: 2029 | O1: 2030 | P1: 2031 | Q1: 2032 | R1: 2033 | S1: 2034 | T1: 2035 | U1: 2036 | V1: 2037 | W1: 2038 | X1: 2039 | Y1: 2040 | Z1: 2041 | AA1: 2042 | AB1: 2043 | AC1: 2044 | AD1: 2045 | AE1: 2046 | AF1: 2047 | AG1: 2048 | AH1: 2049 | AI1: 2050 | AJ1: 2051 | AK1: 2052 | AL1: 2053 | AM1: 2054 | AN1: 2055
A2: Cuba | B2: IMPCRUDE | C2: 111
A3: Cuba | B3: IMPCRUDE | C3: 112
A4: Cuba | B4: IMPCRUDE | C4: 113
A5: Cuba | B5: IMPCRUDE | C5: 114
A6: Cuba | B6: IMPCRUDE | C6: 115
A7: Cuba | B7: IMPCRUDE | C7: 116
A8: Cuba | B8: IMPCRUDE | C8: 117
A9: Cuba | B9: IMPCRUDE | C9: 118
A10: Cuba | B10: IMPCRUDE | C10: 121
A11: Cuba | B11: IMPCRUDE | C11: 122
A12: Cuba | B12: IMPCRUDE | C12: 123
A13: Cuba | B13: IMPCRUDE | C13: 124
... A2273: Cuba | B2273: PWRBIO02 | C2273: 228
A2274: Cuba | B2274: PWRBIO02 | C2274: 311 | D2274: 0 | E2274: 0 | F2274: 0 | G2274: 0 | H2274: 0 | I2274: 0 | J2274: 0 | K2274: 0 | L2274: 0 | M2274: 0 | N2274: 0 | O2274: 0 | P2274: 0 | Q2274: 0 | R2274: 0 | S2274: 0 | T2274: 0 | U2274: 0 | V2274: 0 | W2274: 0 | X2274: 0 | Y2274: 0 | Z2274: 0 | AA2274: 0 | AB2274: 0 | AC2274: 0 | AD2274: 0 | AE2274: 0 | AF2274: 0 | AG2274: 0 | AH2274: 0 | AI2274: 0 | AJ2274: 0 | AK2274: 0 | AL2274: 0 | AM2274: 0 | AN2274: 0
A2275: Cuba | B2275: PWRBIO02 | C2275: 312 | D2275: 0 | E2275: 0 | F2275: 0 | G2275: 0 | H2275: 0 | I2275: 0 | J2275: 0 | K2275: 0 | L2275: 0 | M2275: 0 | N2275: 0 | O2275: 0 | P2275: 0 | Q2275: 0 | R2275: 0 | S2275: 0 | T2275: 0 | U2275: 0 | V2275: 0 | W2275: 0 | X2275: 0 | Y2275: 0 | Z2275: 0 | AA2275: 0 | AB2275: 0 | AC2275: 0 | AD2275: 0 | AE2275: 0 | AF2275: 0 | AG2275: 0 | AH2275: 0 | AI2275: 0 | AJ2275: 0 | AK2275: 0 | AL2275: 0 | AM2275: 0 | AN2275: 0
A2276: Cuba | B2276: PWRBIO02 | C2276: 313 | D2276: 0 | E2276: 0 | F2276: 0 | G2276: 0 | H2276: 0 | I2276: 0 | J2276: 0 | K2276: 0 | L2276: 0 | M2276: 0 | N2276: 0 | O2276: 0 | P2276: 0 | Q2276: 0 | R2276: 0 | S2276: 0 | T2276: 0 | U2276: 0 | V2276: 0 | W2276: 0 | X2276: 0 | Y2276: 0 | Z2276: 0 | AA2276: 0 | AB2276: 0 | AC2276: 0 | AD2276: 0 | AE2276: 0 | AF2276: 0 | AG2276: 0 | AH2276: 0 | AI2276: 0 | AJ2276: 0 | AK2276: 0 | AL2276: 0 | AM2276: 0 | AN2276: 0
A2277: Cuba | B2277: PWRBIO02 | C2277: 314 | D2277: 0 | E2277: 0 | F2277: 0 | G2277: 0 | H2277: 0 | I2277: 0 | J2277: 0 | K2277: 0 | L2277: 0 | M2277: 0 | N2277: 0 | O2277: 0 | P2277: 0 | Q2277: 0 | R2277: 0 | S2277: 0 | T2277: 0 | U2277: 0 | V2277: 0 | W2277: 0 | X2277: 0 | Y2277: 0 | Z2277: 0 | AA2277: 0 | AB2277: 0 | AC2277: 0 | AD2277: 0 | AE2277: 0 | AF2277: 0 | AG2277: 0 | AH2277: 0 | AI2277: 0 | AJ2277: 0 | AK2277: 0 | AL2277: 0 | AM2277: 0 | AN2277: 0
A2278: Cuba | B2278: PWRBIO02 | C2278: 315 | D2278: 0 | E2278: 0 | F2278: 0 | G2278: 0 | H2278: 0 | I2278: 0 | J2278: 0 | K2278: 0 | L2278: 0 | M2278: 0 | N2278: 0 | O2278: 0 | P2278: 0 | Q2278: 0 | R2278: 0 | S2278: 0 | T2278: 0 | U2278: 0 | V2278: 0 | W2278: 0 | X2278: 0 | Y2278: 0 | Z2278: 0 | AA2278: 0 | AB2278: 0 | AC2278: 0 | AD2278: 0 | AE2278: 0 | AF2278: 0 | AG2278: 0 | AH2278: 0 | AI2278: 0 | AJ2278: 0 | AK2278: 0 | AL2278: 0 | AM2278: 0 | AN2278: 0
A2279: Cuba | B2279: PWRBIO02 | C2279: 316 | D2279: 0 | E2279: 0 | F2279: 0 | G2279: 0 | H2279: 0 | I2279: 0 | J2279: 0 | K2279: 0 | L2279: 0 | M2279: 0 | N2279: 0 | O2279: 0 | P2279: 0 | Q2279: 0 | R2279: 0 | S2279: 0 | T2279: 0 | U2279: 0 | V2279: 0 | W2279: 0 | X2279: 0 | Y2279: 0 | Z2279: 0 | AA2279: 0 | AB2279: 0 | AC2279: 0 | AD2279: 0 | AE2279: 0 | AF2279: 0 | AG2279: 0 | AH2279: 0 | AI2279: 0 | AJ2279: 0 | AK2279: 0 | AL2279: 0 | AM2279: 0 | AN2279: 0
A2280: Cuba | B2280: PWRBIO02 | C2280: 317 | D2280: 0 | E2280: 0 | F2280: 0 | G2280: 0 | H2280: 0 | I2280: 0 | J2280: 0 | K2280: 0 | L2280: 0 | M2280: 0 | N2280: 0 | O2280: 0 | P2280: 0 | Q2280: 0 | R2280: 0 | S2280: 0 | T2280: 0 | U2280: 0 | V2280: 0 | W2280: 0 | X2280: 0 | Y2280: 0 | Z2280: 0 | AA2280: 0 | AB2280: 0 | AC2280: 0 | AD2280: 0 | AE2280: 0 | AF2280: 0 | AG2280: 0 | AH2280: 0 | AI2280: 0 | AJ2280: 0 | AK2280: 0 | AL2280: 0 | AM2280: 0 | AN2280: 0
A2281: Cuba | B2281: PWRBIO02 | C2281: 318 | D2281: 0 | E2281: 0 | F2281: 0 | G2281: 0 | H2281: 0 | I2281: 0 | J2281: 0 | K2281: 0 | L2281: 0 | M2281: 0 | N2281: 0 | O2281: 0 | P2281: 0 | Q2281: 0 | R2281: 0 | S2281: 0 | T2281: 0 | U2281: 0 | V2281: 0 | W2281: 0 | X2281: 0 | Y2281: 0 | Z2281: 0 | AA2281: 0 | AB2281: 0 | AC2281: 0 | AD2281: 0 | AE2281: 0 | AF2281: 0 | AG2281: 0 | AH2281: 0 | AI2281: 0 | AJ2281: 0 | AK2281: 0 | AL2281: 0 | AM2281: 0 | AN2281: 0
A2282: Cuba | B2282: PWRBIO02 | C2282: 321 | D2282: 0 | E2282: 0 | F2282: 0 | G2282: 0 | H2282: 0 | I2282: 0 | J2282: 0 | K2282: 0 | L2282: 0 | M2282: 0 | N2282: 0 | O2282: 0 | P2282: 0 | Q2282: 0 | R2282: 0 | S2282: 0 | T2282: 0 | U2282: 0 | V2282: 0 | W2282: 0 | X2282: 0 | Y2282: 0 | Z2282: 0 | AA2282: 0 | AB2282: 0 | AC2282: 0 | AD2282: 0 | AE2282: 0 | AF2282: 0 | AG2282: 0 | AH2282: 0 | AI2282: 0 | AJ2282: 0 | AK2282: 0 | AL2282: 0 | AM2282: 0 | AN2282: 0
A2283: Cuba | B2283: PWRBIO02 | C2283: 322 | D2283: 0 | E2283: 0 | F2283: 0 | G2283: 0 | H2283: 0 | I2283: 0 | J2283: 0 | K2283: 0 | L2283: 0 | M2283: 0 | N2283: 0 | O2283: 0 | P2283: 0 | Q2283: 0 | R2283: 0 | S2283: 0 | T2283: 0 | U2283: 0 | V2283: 0 | W2283: 0 | X2283: 0 | Y2283: 0 | Z2283: 0 | AA2283: 0 | AB2283: 0 | AC2283: 0 | AD2283: 0 | AE2283: 0 | AF2283: 0 | AG2283: 0 | AH2283: 0 | AI2283: 0 | AJ2283: 0 | AK2283: 0 | AL2283: 0 | AM2283: 0 | AN2283: 0
A2284: Cuba | B2284: PWRBIO02 | C2284: 323 | D2284: 0 | E2284: 0 | F2284: 0 | G2284: 0 | H2284: 0 | I2284: 0 | J2284: 0 | K2284: 0 | L2284: 0 | M2284: 0 | N2284: 0 | O2284: 0 | P2284: 0 | Q2284: 0 | R2284: 0 | S2284: 0 | T2284: 0 | U2284: 0 | V2284: 0 | W2284: 0 | X2284: 0 | Y2284: 0 | Z2284: 0 | AA2284: 0 | AB2284: 0 | AC2284: 0 | AD2284: 0 | AE2284: 0 | AF2284: 0 | AG2284: 0 | AH2284: 0 | AI2284: 0 | AJ2284: 0 | AK2284: 0 | AL2284: 0 | AM2284: 0 | AN2284: 0
A2285: Cuba | B2285: PWRBIO02 | C2285: 324 | D2285: 0 | E2285: 0 | F2285: 0 | G2285: 0 | H2285: 0 | I2285: 0 | J2285: 0 | K2285: 0 | L2285: 0 | M2285: 0 | N2285: 0 | O2285: 0 | P2285: 0 | Q2285: 0 | R2285: 0 | S2285: 0 | T2285: 0 | U2285: 0 | V2285: 0 | W2285: 0 | X2285: 0 | Y2285: 0 | Z2285: 0 | AA2285: 0 | AB2285: 0 | AC2285: 0 | AD2285: 0 | AE2285: 0 | AF2285: 0 | AG2285: 0 | AH2285: 0 | AI2285: 0 | AJ2285: 0 | AK2285: 0 | AL2285: 0 | AM2285: 0 | AN2285: 0
... A2369: Cuba | B2369: PWRWND001 | C2369: 428 | D2369: 0.267 | E2369: 0.267 | F2369: 0.267 | G2369: 0.267 | H2369: 0.267 | I2369: 0.267 | J2369: 0.267 | K2369: 0.267 | L2369: 0.267 | M2369: 0.267 | N2369: 0.267 | O2369: 0.267 | P2369: 0.267 | Q2369: 0.267 | R2369: 0.267 | S2369: 0.267 | T2369: 0.267 | U2369: 0.267 | V2369: 0.267 | W2369: 0.267 | X2369: 0.267 | Y2369: 0.267 | Z2369: 0.267 | AA2369: 0.267 | AB2369: 0.267 | AC2369: 0.267 | AD2369: 0.267 | AE2369: 0.267 | AF2369: 0.267 | AG2369: 0.267 | AH2369: 0.267 | AI2369: 0.267 | AJ2369: 0.267 | AK2369: 0.267 | AL2369: 0.267 | AM2369: 0.267 | AN2369: 0.267
A2370: Cuba | B2370: PWRWND002 | C2370: 111
A2371: Cuba | B2371: PWRWND002 | C2371: 112
A2372: Cuba | B2372: PWRWND002 | C2372: 113
A2373: Cuba | B2373: PWRWND002 | C2373: 114
A2374: Cuba | B2374: PWRWND002 | C2374: 115
A2375: Cuba | B2375: PWRWND002 | C2375: 116
A2376: Cuba | B2376: PWRWND002 | C2376: 117
A2377: Cuba | B2377: PWRWND002 | C2377: 118
A2378: Cuba | B2378: PWRWND002 | C2378: 121
A2379: Cuba | B2379: PWRWND002 | C2379: 122
A2380: Cuba | B2380: PWRWND002 | C2380: 123
A2381: Cuba | B2381: PWRWND002 | C2381: 124
... A2433: Cuba | B2433: PWRWND002 | C2433: 428
A2434: Cuba | B2434: PWRPV01 | C2434: 111 | D2434: 0 | E2434: 0 | F2434: 0 | G2434: 0 | H2434: 0 | I2434: 0 | J2434: 0 | K2434: 0 | L2434: 0 | M2434: 0 | N2434: 0 | O2434: 0 | P2434: 0 | Q2434: 0 | R2434: 0 | S2434: 0 | T2434: 0 | U2434: 0 | V2434: 0 | W2434: 0 | X2434: 0 | Y2434: 0 | Z2434: 0 | AA2434: 0 | AB2434: 0 | AC2434: 0 | AD2434: 0 | AE2434: 0 | AF2434: 0 | AG2434: 0 | AH2434: 0 | AI2434: 0 | AJ2434: 0 | AK2434: 0 | AL2434: 0 | AM2434: 0 | AN2434: 0
A2435: Cuba | B2435: PWRPV01 | C2435: 112 | D2435: 0 | E2435: 0 | F2435: 0 | G2435: 0 | H2435: 0 | I2435: 0 | J2435: 0 | K2435: 0 | L2435: 0 | M2435: 0 | N2435: 0 | O2435: 0 | P2435: 0 | Q2435: 0 | R2435: 0 | S2435: 0 | T2435: 0 | U2435: 0 | V2435: 0 | W2435: 0 | X2435: 0 | Y2435: 0 | Z2435: 0 | AA2435: 0 | AB2435: 0 | AC2435: 0 | AD2435: 0 | AE2435: 0 | AF2435: 0 | AG2435: 0 | AH2435: 0 | AI2435: 0 | AJ2435: 0 | AK2435: 0 | AL2435: 0 | AM2435: 0 | AN2435: 0
A2436: Cuba | B2436: PWRPV01 | C2436: 113 | D2436: 0 | E2436: 0 | F2436: 0 | G2436: 0 | H2436: 0 | I2436: 0 | J2436: 0 | K2436: 0 | L2436: 0 | M2436: 0 | N2436: 0 | O2436: 0 | P2436: 0 | Q2436: 0 | R2436: 0 | S2436: 0 | T2436: 0 | U2436: 0 | V2436: 0 | W2436: 0 | X2436: 0 | Y2436: 0 | Z2436: 0 | AA2436: 0 | AB2436: 0 | AC2436: 0 | AD2436: 0 | AE2436: 0 | AF2436: 0 | AG2436: 0 | AH2436: 0 | AI2436: 0 | AJ2436: 0 | AK2436: 0 | AL2436: 0 | AM2436: 0 | AN2436: 0
A2437: Cuba | B2437: PWRPV01 | C2437: 114 | D2437: 0.147 | E2437: 0.147 | F2437: 0.147 | G2437: 0.147 | H2437: 0.147 | I2437: 0.147 | J2437: 0.147 | K2437: 0.147 | L2437: 0.147 | M2437: 0.147 | N2437: 0.147 | O2437: 0.147 | P2437: 0.147 | Q2437: 0.147 | R2437: 0.147 | S2437: 0.147 | T2437: 0.147 | U2437: 0.147 | V2437: 0.147 | W2437: 0.147 | X2437: 0.147 | Y2437: 0.147 | Z2437: 0.147 | AA2437: 0.147 | AB2437: 0.147 | AC2437: 0.147 | AD2437: 0.147 | AE2437: 0.147 | AF2437: 0.147 | AG2437: 0.147 | AH2437: 0.147 | AI2437: 0.147 | AJ2437: 0.147 | AK2437: 0.147 | AL2437: 0.147 | AM2437: 0.147 | AN2437: 0.147
A2438: Cuba | B2438: PWRPV01 | C2438: 115 | D2438: 0.481 | E2438: 0.481 | F2438: 0.481 | G2438: 0.481 | H2438: 0.481 | I2438: 0.481 | J2438: 0.481 | K2438: 0.481 | L2438: 0.481 | M2438: 0.481 | N2438: 0.481 | O2438: 0.481 | P2438: 0.481 | Q2438: 0.481 | R2438: 0.481 | S2438: 0.481 | T2438: 0.481 | U2438: 0.481 | V2438: 0.481 | W2438: 0.481 | X2438: 0.481 | Y2438: 0.481 | Z2438: 0.481 | AA2438: 0.481 | AB2438: 0.481 | AC2438: 0.481 | AD2438: 0.481 | AE2438: 0.481 | AF2438: 0.481 | AG2438: 0.481 | AH2438: 0.481 | AI2438: 0.481 | AJ2438: 0.481 | AK2438: 0.481 | AL2438: 0.481 | AM2438: 0.481 | AN2438: 0.481
A2439: Cuba | B2439: PWRPV01 | C2439: 116 | D2439: 0.557 | E2439: 0.557 | F2439: 0.557 | G2439: 0.557 | H2439: 0.557 | I2439: 0.557 | J2439: 0.557 | K2439: 0.557 | L2439: 0.557 | M2439: 0.557 | N2439: 0.557 | O2439: 0.557 | P2439: 0.557 | Q2439: 0.557 | R2439: 0.557 | S2439: 0.557 | T2439: 0.557 | U2439: 0.557 | V2439: 0.557 | W2439: 0.557 | X2439: 0.557 | Y2439: 0.557 | Z2439: 0.557 | AA2439: 0.557 | AB2439: 0.557 | AC2439: 0.557 | AD2439: 0.557 | AE2439: 0.557 | AF2439: 0.557 | AG2439: 0.557 | AH2439: 0.557 | AI2439: 0.557 | AJ2439: 0.557 | AK2439: 0.557 | AL2439: 0.557 | AM2439: 0.557 | AN2439: 0.557
A2440: Cuba | B2440: PWRPV01 | C2440: 117 | D2440: 0.4 | E2440: 0.4 | F2440: 0.4 | G2440: 0.4 | H2440: 0.4 | I2440: 0.4 | J2440: 0.4 | K2440: 0.4 | L2440: 0.4 | M2440: 0.4 | N2440: 0.4 | O2440: 0.4 | P2440: 0.4 | Q2440: 0.4 | R2440: 0.4 | S2440: 0.4 | T2440: 0.4 | U2440: 0.4 | V2440: 0.4 | W2440: 0.4 | X2440: 0.4 | Y2440: 0.4 | Z2440: 0.4 | AA2440: 0.4 | AB2440: 0.4 | AC2440: 0.4 | AD2440: 0.4 | AE2440: 0.4 | AF2440: 0.4 | AG2440: 0.4 | AH2440: 0.4 | AI2440: 0.4 | AJ2440: 0.4 | AK2440: 0.4 | AL2440: 0.4 | AM2440: 0.4 | AN2440: 0.4
A2441: Cuba | B2441: PWRPV01 | C2441: 118 | D2441: 0.003 | E2441: 0.003 | F2441: 0.003 | G2441: 0.003 | H2441: 0.003 | I2441: 0.003 | J2441: 0.003 | K2441: 0.003 | L2441: 0.003 | M2441: 0.003 | N2441: 0.003 | O2441: 0.003 | P2441: 0.003 | Q2441: 0.003 | R2441: 0.003 | S2441: 0.003 | T2441: 0.003 | U2441: 0.003 | V2441: 0.003 | W2441: 0.003 | X2441: 0.003 | Y2441: 0.003 | Z2441: 0.003 | AA2441: 0.003 | AB2441: 0.003 | AC2441: 0.003 | AD2441: 0.003 | AE2441: 0.003 | AF2441: 0.003 | AG2441: 0.003 | AH2441: 0.003 | AI2441: 0.003 | AJ2441: 0.003 | AK2441: 0.003 | AL2441: 0.003 | AM2441: 0.003 | AN2441: 0.003
A2442: Cuba | B2442: PWRPV01 | C2442: 121 | D2442: 0 | E2442: 0 | F2442: 0 | G2442: 0 | H2442: 0 | I2442: 0 | J2442: 0 | K2442: 0 | L2442: 0 | M2442: 0 | N2442: 0 | O2442: 0 | P2442: 0 | Q2442: 0 | R2442: 0 | S2442: 0 | T2442: 0 | U2442: 0 | V2442: 0 | W2442: 0 | X2442: 0 | Y2442: 0 | Z2442: 0 | AA2442: 0 | AB2442: 0 | AC2442: 0 | AD2442: 0 | AE2442: 0 | AF2442: 0 | AG2442: 0 | AH2442: 0 | AI2442: 0 | AJ2442: 0 | AK2442: 0 | AL2442: 0 | AM2442: 0 | AN2442: 0
A2443: Cuba | B2443: PWRPV01 | C2443: 122 | D2443: 0 | E2443: 0 | F2443: 0 | G2443: 0 | H2443: 0 | I2443: 0 | J2443: 0 | K2443: 0 | L2443: 0 | M2443: 0 | N2443: 0 | O2443: 0 | P2443: 0 | Q2443: 0 | R2443: 0 | S2443: 0 | T2443: 0 | U2443: 0 | V2443: 0 | W2443: 0 | X2443: 0 | Y2443: 0 | Z2443: 0 | AA2443: 0 | AB2443: 0 | AC2443: 0 | AD2443: 0 | AE2443: 0 | AF2443: 0 | AG2443: 0 | AH2443: 0 | AI2443: 0 | AJ2443: 0 | AK2443: 0 | AL2443: 0 | AM2443: 0 | AN2443: 0
A2444: Cuba | B2444: PWRPV01 | C2444: 123 | D2444: 0 | E2444: 0 | F2444: 0 | G2444: 0 | H2444: 0 | I2444: 0 | J2444: 0 | K2444: 0 | L2444: 0 | M2444: 0 | N2444: 0 | O2444: 0 | P2444: 0 | Q2444: 0 | R2444: 0 | S2444: 0 | T2444: 0 | U2444: 0 | V2444: 0 | W2444: 0 | X2444: 0 | Y2444: 0 | Z2444: 0 | AA2444: 0 | AB2444: 0 | AC2444: 0 | AD2444: 0 | AE2444: 0 | AF2444: 0 | AG2444: 0 | AH2444: 0 | AI2444: 0 | AJ2444: 0 | AK2444: 0 | AL2444: 0 | AM2444: 0 | AN2444: 0
A2445: Cuba | B2445: PWRPV01 | C2445: 124 | D2445: 0.145 | E2445: 0.145 | F2445: 0.145 | G2445: 0.145 | H2445: 0.145 | I2445: 0.145 | J2445: 0.145 | K2445: 0.145 | L2445: 0.145 | M2445: 0.145 | N2445: 0.145 | O2445: 0.145 | P2445: 0.145 | Q2445: 0.145 | R2445: 0.145 | S2445: 0.145 | T2445: 0.145 | U2445: 0.145 | V2445: 0.145 | W2445: 0.145 | X2445: 0.145 | Y2445: 0.145 | Z2445: 0.145 | AA2445: 0.145 | AB2445: 0.145 | AC2445: 0.145 | AD2445: 0.145 | AE2445: 0.145 | AF2445: 0.145 | AG2445: 0.145 | AH2445: 0.145 | AI2445: 0.145 | AJ2445: 0.145 | AK2445: 0.145 | AL2445: 0.145 | AM2445: 0.145 | AN2445: 0.145
... A2689: Cuba | B2689: PWRCSP | C2689: 428 | D2689: 0.023 | E2689: 0.023 | F2689: 0.023 | G2689: 0.023 | H2689: 0.023 | I2689: 0.023 | J2689: 0.023 | K2689: 0.023 | L2689: 0.023 | M2689: 0.023 | N2689: 0.023 | O2689: 0.023 | P2689: 0.023 | Q2689: 0.023 | R2689: 0.023 | S2689: 0.023 | T2689: 0.023 | U2689: 0.023 | V2689: 0.023 | W2689: 0.023 | X2689: 0.023 | Y2689: 0.023 | Z2689: 0.023 | AA2689: 0.023 | AB2689: 0.023 | AC2689: 0.023 | AD2689: 0.023 | AE2689: 0.023 | AF2689: 0.023 | AG2689: 0.023 | AH2689: 0.023 | AI2689: 0.023 | AJ2689: 0.023 | AK2689: 0.023 | AL2689: 0.023 | AM2689: 0.023 | AN2689: 0.023
A2690: Cuba | B2690: PWRFO | C2690: 111
A2691: Cuba | B2691: PWRFO | C2691: 112
A2692: Cuba | B2692: PWRFO | C2692: 113
A2693: Cuba | B2693: PWRFO | C2693: 114
A2694: Cuba | B2694: PWRFO | C2694: 115
A2695: Cuba | B2695: PWRFO | C2695: 116
A2696: Cuba | B2696: PWRFO | C2696: 117
A2697: Cuba | B2697: PWRFO | C2697: 118
A2698: Cuba | B2698: PWRFO | C2698: 121
A2699: Cuba | B2699: PWRFO | C2699: 122
A2700: Cuba | B2700: PWRFO | C2700: 123
A2701: Cuba | B2701: PWRFO | C2701: 124
... A8577: Cuba | B8577: AUXTECH10 | C8577: 428

Sheet AF
A1: REGION | B1: TECHNOLOGY | C1: 2019 | D1: 2020 | E1: 2021 | F1: 2022 | G1: 2023 | H1: 2024 | I1: 2025 | J1: 2026 | K1: 2027 | L1: 2028 | M1: 2029 | N1: 2030 | O1: 2031 | P1: 2032 | Q1: 2033 | R1: 2034 | S1: 2035 | T1: 2036 | U1: 2037 | V1: 2038 | W1: 2039 | X1: 2040 | Y1: 2041 | Z1: 2042 | AA1: 2043 | AB1: 2044 | AC1: 2045 | AD1: 2046 | AE1: 2047 | AF1: 2048 | AG1: 2049 | AH1: 2050 | AI1: 2051 | AJ1: 2052 | AK1: 2053 | AL1: 2054 | AM1: 2055
A2: Cuba | B2: IMPCRUDE
A3: Cuba | B3: MINCRUDE
A4: Cuba | B4: IMPHFO01
A5: Cuba | B5: IMPHFO02
A6: Cuba | B6: IMPLFO
A7: Cuba | B7: MINDIESEL
A8: Cuba | B8: IMPDIESEL
A9: Cuba | B9: IMPNG
A10: Cuba | B10: MINNG
A11: Cuba | B11: MINBIO1
A12: Cuba | B12: MINBIO2
A13: Cuba | B13: MINBIO3
... A23: Cuba | B23: MINHYDRO
A24: Cuba | B24: PWRCRUD001 | C24: 0.73 | D24: 0.73 | E24: 0.73 | F24: 0.73 | G24: 0.73 | H24: 0.73 | I24: 0.95 | J24: =I24 -> 0.95 | K24: =J24 -> 0.95 | L24: =K24 -> 0.95 | M24: =L24 -> 0.95 | N24: =M24 -> 0.95 | O24: =N24 -> 0.95 | P24: =O24 -> 0.95 | Q24: 0.95 | R24: =Q24 -> 0.95 | S24: 0.95 | T24: =S24 -> 0.95 | U24: 0.95 | V24: =U24 -> 0.95 | W24: 0.95 | X24: =W24 -> 0.95 | Y24: 0.95 | Z24: =Y24 -> 0.95 | AA24: 0.95 | AB24: =AA24 -> 0.95 | AC24: 0.95 | AD24: =AC24 -> 0.95 | AE24: 0.95 | AF24: =AE24 -> 0.95 | AG24: 0.95 | AH24: =AG24 -> 0.95 | AI24: =AH24 -> 0.95 | AJ24: =AI24 -> 0.95 | AK24: =AJ24 -> 0.95 | AL24: =AK24 -> 0.95 | AM24: =AL24 -> 0.95
A25: Cuba | B25: PWRCRUD002 | C25: 0.53 | D25: 0.53 | E25: 0.53 | F25: 0.53 | G25: 0.53 | H25: 0.53 | I25: 0.53 | J25: 0.53 | K25: 0.95 | L25: =I24 -> 0.95 | M25: =J24 -> 0.95 | N25: =K24 -> 0.95 | O25: =L24 -> 0.95 | P25: =M24 -> 0.95 | Q25: 0.95 | R25: =Q25 -> 0.95 | S25: 0.95 | T25: =S25 -> 0.95 | U25: 0.95 | V25: =U25 -> 0.95 | W25: 0.95 | X25: =W25 -> 0.95 | Y25: 0.95 | Z25: =Y25 -> 0.95 | AA25: 0.95 | AB25: =AA25 -> 0.95 | AC25: 0.95 | AD25: =AC25 -> 0.95 | AE25: 0.95 | AF25: =AE25 -> 0.95 | AG25: 0.95 | AH25: =AG25 -> 0.95 | AI25: =AH25 -> 0.95 | AJ25: =AI25 -> 0.95 | AK25: =AJ25 -> 0.95 | AL25: =AK25 -> 0.95 | AM25: =AL25 -> 0.95
A26: Cuba | B26: PWRCRUD003 | C26: 0.68 | D26: 0.68 | E26: 0.68 | F26: 0.68 | G26: 0.68 | H26: 0.68 | I26: 0.68 | J26: 0.68 | K26: =I24 -> 0.95 | L26: =J24 -> 0.95 | M26: =K24 -> 0.95 | N26: =L24 -> 0.95 | O26: =M24 -> 0.95 | P26: =N24 -> 0.95 | Q26: 0.95 | R26: =Q26 -> 0.95 | S26: 0.95 | T26: =S26 -> 0.95 | U26: 0.95 | V26: =U26 -> 0.95 | W26: 0.95 | X26: =W26 -> 0.95 | Y26: 0.95 | Z26: =Y26 -> 0.95 | AA26: 0.95 | AB26: =AA26 -> 0.95 | AC26: 0.95 | AD26: =AC26 -> 0.95 | AE26: 0.95 | AF26: =AE26 -> 0.95 | AG26: 0.95 | AH26: =AG26 -> 0.95 | AI26: =AH26 -> 0.95 | AJ26: =AI26 -> 0.95 | AK26: =AJ26 -> 0.95 | AL26: =AK26 -> 0.95 | AM26: =AL26 -> 0.95
A27: Cuba | B27: PWRCRUD004 | C27: 0.73 | D27: 0.73 | E27: 0.73 | F27: 0.73 | G27: 0.73 | H27: 0.73 | I27: 0.73 | J27: 0.73 | K27: 0.73 | L27: =I24 -> 0.95 | M27: =J24 -> 0.95 | N27: =K24 -> 0.95 | O27: =L24 -> 0.95 | P27: =M24 -> 0.95 | Q27: 0.95 | R27: =Q27 -> 0.95 | S27: 0.95 | T27: =S27 -> 0.95 | U27: 0.95 | V27: =U27 -> 0.95 | W27: 0.95 | X27: =W27 -> 0.95 | Y27: 0.95 | Z27: =Y27 -> 0.95 | AA27: 0.95 | AB27: =AA27 -> 0.95 | AC27: 0.95 | AD27: =AC27 -> 0.95 | AE27: 0.95 | AF27: =AE27 -> 0.95 | AG27: 0.95 | AH27: =AG27 -> 0.95 | AI27: =AH27 -> 0.95 | AJ27: =AI27 -> 0.95 | AK27: =AJ27 -> 0.95 | AL27: =AK27 -> 0.95 | AM27: =AL27 -> 0.95
A28: Cuba | B28: PWRCRUD008 | C28: 0.75 | D28: 0.75 | E28: 0.75 | F28: 0.75 | G28: 0.75 | H28: 0.75 | I28: 0.75 | J28: 0.75 | K28: 0.75 | L28: 0.75 | M28: =L27 -> 0.95 | N28: =M27 -> 0.95 | O28: =N27 -> 0.95 | P28: =O27 -> 0.95 | Q28: 0.95 | R28: =Q28 -> 0.95 | S28: 0.95 | T28: =S28 -> 0.95 | U28: 0.95 | V28: =U28 -> 0.95 | W28: 0.95 | X28: =W28 -> 0.95 | Y28: 0.95 | Z28: =Y28 -> 0.95 | AA28: 0.95 | AB28: =AA28 -> 0.95 | AC28: 0.95 | AD28: =AC28 -> 0.95 | AE28: 0.95 | AF28: =AE28 -> 0.95 | AG28: 0.95 | AH28: =AG28 -> 0.95 | AI28: =AH28 -> 0.95 | AJ28: =AI28 -> 0.95 | AK28: =AJ28 -> 0.95 | AL28: =AK28 -> 0.95 | AM28: =AL28 -> 0.95
A29: Cuba | B29: PWRCRUD005 | C29: 0.66 | D29: 0.66 | E29: 0.66 | F29: 0.66 | G29: 0.66 | H29: 0.66 | I29: 0.66 | J29: 0.66 | K29: 0.66 | L29: 0.66 | M29: 0.66 | N29: =M28 -> 0.95 | O29: =N28 -> 0.95 | P29: =O28 -> 0.95 | Q29: 0.95 | R29: =Q29 -> 0.95 | S29: 0.95 | T29: =S29 -> 0.95 | U29: 0.95 | V29: =U29 -> 0.95 | W29: 0.95 | X29: =W29 -> 0.95 | Y29: 0.95 | Z29: =Y29 -> 0.95 | AA29: 0.95 | AB29: =AA29 -> 0.95 | AC29: 0.95 | AD29: =AC29 -> 0.95 | AE29: 0.95 | AF29: =AE29 -> 0.95 | AG29: 0.95 | AH29: =AG29 -> 0.95 | AI29: =AH29 -> 0.95 | AJ29: =AI29 -> 0.95 | AK29: =AJ29 -> 0.95 | AL29: =AK29 -> 0.95 | AM29: =AL29 -> 0.95
A30: Cuba | B30: PWRCRUD006 | C30: 0.37 | D30: 0.37 | E30: 0.37 | F30: 0.37 | G30: 0.37 | H30: 0.37 | I30: 0.37 | J30: 0.37 | K30: 0.37 | L30: 0.37 | M30: 0.37 | N30: 0.37 | O30: =N29 -> 0.95 | P30: =O29 -> 0.95 | Q30: 0.95 | R30: =Q30 -> 0.95 | S30: 0.95 | T30: =S30 -> 0.95 | U30: 0.95 | V30: =U30 -> 0.95 | W30: 0.95 | X30: =W30 -> 0.95 | Y30: 0.95 | Z30: =Y30 -> 0.95 | AA30: 0.95 | AB30: =AA30 -> 0.95 | AC30: 0.95 | AD30: =AC30 -> 0.95 | AE30: 0.95 | AF30: =AE30 -> 0.95 | AG30: 0.95 | AH30: =AG30 -> 0.95 | AI30: =AH30 -> 0.95 | AJ30: =AI30 -> 0.95 | AK30: =AJ30 -> 0.95 | AL30: =AK30 -> 0.95 | AM30: =AL30 -> 0.95
A31: Cuba | B31: PWRCRUD007 | C31: 0.48 | D31: 0.48 | E31: 0.48 | F31: 0.48 | G31: 0.48 | H31: 0.48 | I31: 0.48 | J31: 0.48 | K31: 0.48 | L31: 0.48 | M31: 0.48 | N31: 0.48 | O31: 0.48 | P31: =O30 -> 0.95 | Q31: 0.95 | R31: =Q31 -> 0.95 | S31: 0.95 | T31: =S31 -> 0.95 | U31: 0.95 | V31: =U31 -> 0.95 | W31: 0.95 | X31: =W31 -> 0.95 | Y31: 0.95 | Z31: =Y31 -> 0.95 | AA31: 0.95 | AB31: =AA31 -> 0.95 | AC31: 0.95 | AD31: =AC31 -> 0.95 | AE31: 0.95 | AF31: =AE31 -> 0.95 | AG31: 0.95 | AH31: =AG31 -> 0.95 | AI31: =AH31 -> 0.95 | AJ31: =AI31 -> 0.95 | AK31: =AJ31 -> 0.95 | AL31: =AK31 -> 0.95 | AM31: =AL31 -> 0.95
A32: Cuba | B32: PWRCRUD009 | C32: 0.95 | D32: 0.95 | E32: 0.95 | F32: 0.95 | G32: 0.95 | H32: 0.95 | I32: 0.95 | J32: =I32 -> 0.95 | K32: 0.95 | L32: =K32 -> 0.95 | M32: 0.95 | N32: =M32 -> 0.95 | O32: 0.95 | P32: =O32 -> 0.95 | Q32: 0.95 | R32: =Q32 -> 0.95 | S32: 0.95 | T32: =S32 -> 0.95 | U32: 0.95 | V32: =U32 -> 0.95 | W32: 0.95 | X32: =W32 -> 0.95 | Y32: 0.95 | Z32: =Y32 -> 0.95 | AA32: 0.95 | AB32: =AA32 -> 0.95 | AC32: 0.95 | AD32: =AC32 -> 0.95 | AE32: 0.95 | AF32: =AE32 -> 0.95 | AG32: 0.95 | AH32: =AG32 -> 0.95 | AI32: =AH32 -> 0.95 | AJ32: =AI32 -> 0.95 | AK32: =AJ32 -> 0.95 | AL32: =AK32 -> 0.95 | AM32: =AL32 -> 0.95
A33: Cuba | B33: PWRNG01 | C33: 0.68 | D33: 0.68 | E33: 0.68 | F33: 0.68 | G33: 0.68 | H33: 0.68 | I33: 0.68 | J33: =I33 -> 0.68 | K33: =J33 -> 0.68 | L33: =K33 -> 0.68 | M33: =L33 -> 0.68 | N33: =M33 -> 0.68 | O33: =N33 -> 0.68 | P33: =O33 -> 0.68 | Q33: =P33 -> 0.68 | ... AM33: =AL33 -> 0.68
A34: Cuba | B34: PWRNG02 | C34: 0.75 | D34: 0.75 | E34: 0.75 | F34: 0.75 | G34: 0.75 | H34: 0.75 | I34: 0.75 | J34: =I34 -> 0.75 | K34: =J34 -> 0.75 | L34: =K34 -> 0.75 | M34: =L34 -> 0.75 | N34: =M34 -> 0.75 | O34: =N34 -> 0.75 | P34: =O34 -> 0.75 | Q34: =P34 -> 0.75 | ... AM34: =AL34 -> 0.75
A35: Cuba | B35: PWRGHFO2 | C35: 0.75 | D35: 0.75 | E35: 0.75 | F35: 0.75 | G35: 0.75 | H35: 0.75 | I35: 0.75 | J35: =I35 -> 0.75 | K35: =J35 -> 0.75 | L35: =K35 -> 0.75 | M35: =L35 -> 0.75 | N35: =M35 -> 0.75 | O35: =N35 -> 0.75 | P35: =O35 -> 0.75 | Q35: =P35 -> 0.75 | ... AM35: =AL35 -> 0.75
A36: Cuba | B36: PWRBIO01 | C36: 0.85 | D36: 0.85 | E36: 0.85 | F36: 0.85 | G36: 0.85 | H36: 0.85 | I36: 0.85 | J36: =I36 -> 0.85 | K36: =J36 -> 0.85 | L36: =K36 -> 0.85 | M36: =L36 -> 0.85 | N36: =M36 -> 0.85 | O36: =N36 -> 0.85 | P36: =O36 -> 0.85 | Q36: =P36 -> 0.85 | ... AM36: =AL36 -> 0.85
A37: Cuba | B37: PWRBIO02 | C37: 0.35 | D37: 0.35 | E37: 0.35 | F37: 0.35 | G37: 0.35 | H37: 0.35 | I37: 0.35 | J37: 0.35 | K37: 0.35 | L37: 0.35 | M37: 0.35 | N37: 0.35 | O37: 0.35 | P37: 0.35 | Q37: 0.35 | R37: 0.35 | S37: 0.35 | T37: 0.35 | U37: 0.35 | V37: 0.35 | W37: 0.35 | X37: 0.35 | Y37: 0.35 | Z37: 0.35 | AA37: 0.35 | AB37: 0.35 | AC37: 0.35 | AD37: 0.35 | AE37: 0.35 | AF37: 0.35 | AG37: 0.35 | AH37: 0.35 | AI37: 0.35 | AJ37: 0.35 | AK37: 0.35 | AL37: 0.35 | AM37: 0.35
A38: Cuba | B38: PWRWND001
A39: Cuba | B39: PWRWND002
A40: Cuba | B40: PWRPV01
A41: Cuba | B41: PWRPV02
A42: Cuba | B42: PWRPV03
A43: Cuba | B43: PWRCSP
A44: Cuba | B44: PWRFO | C44: 0.35 | D44: 0.33 | E44: 0.5 | F44: 0.24 | G44: 0.18 | H44: 0.13 | I44: 0.35 | J44: 0.35 | K44: 0.95 | L44: 0.95 | M44: 0.95 | N44: 0.95 | O44: 0.95 | P44: 0.95 | Q44: 0.95 | R44: 0.95 | S44: 0.95 | T44: 0.95 | U44: 0.95 | V44: 0.95 | W44: 0.95 | X44: 0.95 | Y44: 0.95 | Z44: 0.95 | AA44: 0.95 | AB44: 0.95 | AC44: 0.95 | AD44: 0.95 | AE44: 0.95 | AF44: 0.95 | AG44: 0.95 | AH44: 0.95 | AI44: 0.95 | AJ44: 0.95 | AK44: 0.95 | AL44: 0.95 | AM44: 0.95
A45: Cuba | B45: PWRDSL | C45: 0.15 | D45: 0.12 | E45: 0.13 | F45: 0.13 | G45: 0.12 | H45: 0.098 | I45: 0.6 | J45: 0.6 | K45: 0.6 | L45: 0.6 | M45: 0.6 | N45: 0.6 | O45: 0.6 | P45: 0.6 | Q45: 0.6 | R45: 0.6 | S45: 0.6 | T45: 0.6 | U45: 0.6 | V45: 0.6 | W45: 0.6 | X45: 0.6 | Y45: 0.6 | Z45: 0.6 | AA45: 0.6 | AB45: 0.6 | AC45: 0.6 | AD45: 0.6 | AE45: 0.6 | AF45: 0.6 | AG45: 0.6 | AH45: 0.6 | AI45: 0.6 | AJ45: 0.6 | AK45: 0.6 | AL45: 0.6 | AM45: 0.6
A46: Cuba | B46: PWRHYD01 | C46: 0.85 | D46: 0.85 | E46: 0.85 | F46: 0.85 | G46: 0.85 | H46: 0.85 | I46: 0.85 | J46: =I46 -> 0.85 | K46: =J46 -> 0.85 | L46: =K46 -> 0.85 | M46: =L46 -> 0.85 | N46: =M46 -> 0.85 | O46: =N46 -> 0.85 | P46: =O46 -> 0.85 | Q46: =P46 -> 0.85 | ... AM46: =AL46 -> 0.85
A47: Cuba | B47: PWRHYD02 | C47: 0.5 | D47: 0.5 | E47: 0.5 | F47: 0.5 | G47: 0.5 | H47: 0.5 | I47: 0.5 | J47: 0.5 | K47: 0.5 | L47: 0.5 | M47: 0.5 | N47: 0.5 | O47: 0.5 | P47: 0.5 | Q47: 0.5 | R47: 0.5 | S47: 0.5 | T47: 0.5 | U47: 0.5 | V47: 0.5 | W47: 0.5 | X47: 0.5 | Y47: 0.5 | Z47: 0.5 | AA47: 0.5 | AB47: 0.5 | AC47: 0.5 | AD47: 0.5 | AE47: 0.5 | AF47: 0.5 | AG47: 0.5 | AH47: 0.5 | AI47: 0.5 | AJ47: 0.5 | AK47: 0.5 | AL47: 0.5 | AM47: 0.5
A48: Cuba | B48: PWRTBATT01
A49: Cuba | B49: PWRTBATT02
A50: Cuba | B50: PWRTBATT03
A51: Cuba | B51: PWRTBATT04
A52: Cuba | B52: TRANSMISSION
A53: Cuba | B53: DISTRIBUTION
A54: Cuba | B54: DEMRESIDEN
A55: Cuba | B55: DEMPRIVATE
A56: Cuba | B56: DEMCOMERC
A57: Cuba | B57: DEMINDUST
A58: Cuba | B58: DEMLIGTH
A59: Cuba | B59: DEMTRAEVC
... A135: Cuba | B135: AUXTECH10

Sheet OL
A1: REGION | B1: IMPCRUDE | C1: MINCRUDE | D1: IMPHFO01 | E1: IMPHFO02 | F1: IMPLFO | G1: MINDIESEL | H1: IMPDIESEL | I1: IMPNG | J1: MINNG | K1: MINBIO1 | L1: MINBIO2 | M1: MINBIO3 | N1: MINBIO4 | O1: IMPBIO | P1: MINKEROSEN | Q1: IMPKEROSEN | R1: MINALCOHOL | S1: MINGASOLINE | T1: IMPGASOLINE | U1: MINSOL | V1: MINWIND | W1: MINHYDRO | X1: PWRCRUD001 | Y1: PWRCRUD002 | Z1: PWRCRUD003 | AA1: PWRCRUD004 | AB1: PWRCRUD008 | AC1: PWRCRUD005 | AD1: PWRCRUD006 | AE1: PWRCRUD007 | AF1: PWRCRUD009 | AG1: PWRNG01 | AH1: PWRNG02 | AI1: PWRGHFO2 | AJ1: PWRBIO01 | AK1: PWRBIO02 | AL1: PWRWND001 | AM1: PWRWND002 | AN1: PWRPV01 | AO1: PWRPV02 | AP1: PWRPV03 | AQ1: PWRCSP | AR1: PWRFO | AS1: PWRDSL | AT1: PWRHYD01 | AU1: PWRHYD02 | AV1: PWRTBATT01 | AW1: PWRTBATT02 | AX1: PWRTBATT03 | AY1: PWRTBATT04 | AZ1: TRANSMISSION | BA1: DISTRIBUTION | BB1: DEMRESIDEN | BC1: DEMPRIVATE | BD1: DEMCOMERC | BE1: DEMINDUST | BF1: DEMLIGTH | BG1: DEMTRAEVC | BH1: DEMTRACARELC | BI1: DEMTRAMCYELC | BJ1: DEMTRABUSELC | BK1: DEMTRACARGSL | BL1: DEMTRAMCYGSL | BM1: DEMTRABUSGSL | BN1: DEMTRABUSDSL | BO1: DEMTRAFREGHTCARELC | BP1: DEMTRAFREGHTCARDSL | BQ1: DEMTRACAR | BR1: DEMTRAMCY | BS1: DEMTRAAUX01 | BT1: DEMTRAAUX02 | BU1: DEMTRAAUX03 | BV1: DEMTRAAUX04 | BW1: RESIDENEFFGO | BX1: RESIDENEFFDP | BY1: DEMRESCKNBIO | BZ1: DEMRESCKNELC | CA1: DEMRESCKNNG | CB1: DEMRESCKNKS | CC1: DEMRESCKNALC | CD1: DEMRESCOOL | CE1: DEMRESAUX01 | CF1: DEMRESAUX02 | CG1: DEMRESAUX03 | CH1: DEMRESAUX04 | CI1: DEMCOMERCEFFGO | CJ1: DEMCOMERCEFFDP | CK1: DEMCOMERCHEBIO | CL1: DEMCOMERCHEEL | CM1: DEMCOMERCHEOIL | CN1: DEMCOMERCAUX01 | CO1: DEMCOMERCAUX02 | CP1: DEMCOMERCAUX03 | CQ1: DEMINDUSTEFFGO | CR1: DEMINDUSTEFFDP | CS1: DEMINDUSTHEBIO | CT1: DEMINDUSTHEEL | CU1: DEMINDUSTHEOIL | CV1: DEMINDUSTHENG | CW1: DEMINDUSTAUX01 | CX1: DEMINDUSTAUX02 | CY1: DEMINDUSTAUX03 | CZ1: GASLIQUED | DA1: EXPORT01 | DB1: EXPORT02 | DC1: EXPORT03 | DD1: IMPORT01 | DE1: IMPORT02 | DF1: IMPORT03 | DG1: VOLL_TECH | DH1: BSTOP02 | DI1: BSTOP03 | DJ1: BSTOP04 | DK1: BSTOP05 | DL1: BSTOP06 | DM1: BSTOP07 | DN1: BSTOP08 | DO1: BSTOP09 | DP1: BSTOP10 | DQ1: BSTOP11 | DR1: BSTOP12 | DS1: BSTOP13 | DT1: BSTOP14 | DU1: BSTOP15 | DV1: AUXTECH01 | DW1: AUXTECH02 | DX1: AUXTECH03 | DY1: AUXTECH04 | DZ1: AUXTECH05 | EA1: AUXTECH06 | EB1: AUXTECH07 | EC1: AUXTECH08 | ED1: AUXTECH09 | EE1: AUXTECH10
A2: Cuba | AF2: 30 | AG2: 30 | AH2: 30 | AI2: 1 | AJ2: 30 | AK2: 30 | AL2: 25 | AM2: 25 | AN2: 25 | AO2: 25 | AP2: 25 | AQ2: 25 | AR2: 25 | AS2: 25 | AT2: 30 | AU2: 30 | AV2: 20 | AW2: 20 | AX2: 20 | AY2: 20 | AZ2: 50 | BA2: 50

Sheet RC
A1: REGION | B1: TECHNOLOGY | C1: 2019 | D1: 2020 | E1: 2021 | F1: 2022 | G1: 2023 | H1: 2024 | I1: 2025 | J1: 2026 | K1: 2027 | L1: 2028 | M1: 2029 | N1: 2030 | O1: 2031 | P1: 2032 | Q1: 2033 | R1: 2034 | S1: 2035 | T1: 2036 | U1: 2037 | V1: 2038 | W1: 2039 | X1: 2040 | Y1: 2041 | Z1: 2042 | AA1: 2043 | AB1: 2044 | AC1: 2045 | AD1: 2046 | AE1: 2047 | AF1: 2048 | AG1: 2049 | AH1: 2050 | AI1: 2051 | AJ1: 2052 | AK1: 2053 | AL1: 2054 | AM1: 2055
A2: Cuba | B2: IMPCRUDE
A3: Cuba | B3: MINCRUDE
A4: Cuba | B4: IMPHFO01
A5: Cuba | B5: IMPHFO02
A6: Cuba | B6: IMPLFO
A7: Cuba | B7: MINDIESEL
A8: Cuba | B8: IMPDIESEL
A9: Cuba | B9: IMPNG
A10: Cuba | B10: MINNG
A11: Cuba | B11: MINBIO1
A12: Cuba | B12: MINBIO2
A13: Cuba | B13: MINBIO3
... A32: Cuba | B32: PWRCRUD009
A33: Cuba | B33: PWRNG01 | C33: 0.33 | D33: 0.33 | E33: 0.33 | F33: 0.33 | G33: 0.33 | H33: 0.33 | I33: 0.33 | J33: 0.33 | K33: 0.33 | L33: 0.33 | M33: 0.33 | N33: 0.33 | O33: 0.33 | P33: 0.33 | Q33: 0.33 | R33: 0.33 | S33: 0.33 | T33: 0.33 | U33: 0.33 | V33: 0.33 | W33: 0.33 | X33: 0.33
A34: Cuba | B34: PWRNG02 | C34: 0.15 | D34: 0.15 | E34: 0.15 | F34: 0.15 | G34: 0.15 | H34: 0.15 | I34: 0.15 | J34: 0.15 | K34: 0.15 | L34: 0.15 | M34: 0.15 | N34: 0.15 | O34: 0.15 | P34: 0.15 | Q34: 0.15 | R34: 0.15 | S34: 0.15 | T34: 0.15 | U34: 0.15 | V34: 0.15 | W34: 0.15 | X34: 0.15
A35: Cuba | B35: PWRGHFO2 | C35: 0.144 | D35: 0.184 | E35: 0.3 | F35: 0.6 | G35: 0.87 | H35: 0.3 | I35: 0.07
A36: Cuba | B36: PWRBIO01 | C36: 0.06 | D36: 0.06 | E36: 0.06 | F36: 0.06 | G36: 0.06 | H36: 0.06 | I36: 0.06 | J36: 0.06 | K36: 0.06 | L36: 0.06 | M36: 0.06 | N36: 0.06 | O36: 0.06 | P36: 0.06 | Q36: 0.06 | R36: 0.06 | S36: 0.06 | T36: 0.06 | U36: 0.06 | V36: 0.06 | W36: 0.06 | X36: 0.06 | Y36: 0.06 | Z36: 0.06 | AA36: 0.06 | AB36: 0.06 | AC36: 0.06 | AD36: 0.06 | AE36: 0.06 | AF36: 0.06 | AG36: 0.06 | AH36: 0.06
A37: Cuba | B37: PWRBIO02 | C37: 0.4 | D37: 0.4 | E37: 0.4 | F37: 0.4 | G37: 0.4 | H37: 0.4 | I37: 0.4 | J37: 0.4 | K37: 0.4 | L37: 0.4 | M37: 0.4 | N37: 0.4
A38: Cuba | B38: PWRWND001 | C38: 0.011 | D38: 0.011 | E38: 0.011 | F38: 0.011 | G38: 0.011 | H38: 0.011 | I38: 0.011 | J38: 0.011 | K38: 0.011 | L38: 0.011 | M38: 0.011 | N38: 0.011 | O38: 0.011
A39: Cuba | B39: PWRWND002
A40: Cuba | B40: PWRPV01 | C40: 0.16 | D40: 0.16 | E40: 0.16 | F40: 0.16 | G40: 0.16 | H40: 0.16 | I40: 0.16 | J40: 0.16 | K40: 0.16 | L40: 0.16 | M40: 0.16 | N40: 0.16 | O40: 0.16 | P40: 0.16 | Q40: 0.16 | R40: 0.16 | S40: 0.16 | T40: 0.16 | U40: 0.16 | V40: 0.16
A41: Cuba | B41: PWRPV02
A42: Cuba | B42: PWRPV03
A43: Cuba | B43: PWRCSP
A44: Cuba | B44: PWRFO | C44: 0.94 | D44: 0.94 | E44: 0.94 | F44: 0.94 | G44: 0.94 | H44: 0.94 | I44: 0.28 | J44: 0.28 | K44: 0.28 | L44: 0.28 | M44: 0.28 | N44: 0.28 | O44: 0.28 | P44: 0.28 | Q44: 0.28 | R44: 0.28 | S44: 0.28 | T44: 0.28 | U44: 0.28 | V44: 0.28 | W44: 0.28 | X44: 0.28
A45: Cuba | B45: PWRDSL | C45: 1.2 | D45: 1.2 | E45: 1.2 | F45: 1.2 | G45: 1.2 | H45: 1.2 | I45: 0.5 | J45: 0.5 | K45: 0.5 | L45: 0.5 | M45: 0.5 | N45: 0.5 | O45: 0.5 | P45: 0.5 | Q45: 0.5 | R45: 0.5 | S45: 0.5 | T45: 0.5 | U45: 0.5 | V45: 0.5 | W45: 0.5 | X45: 0.5
A46: Cuba | B46: PWRHYD01
A47: Cuba | B47: PWRHYD02 | C47: 0.043 | D47: 0.043 | E47: 0.043 | F47: 0.043 | G47: 0.043 | H47: 0.043 | I47: 0.043 | J47: 0.043 | K47: 0.043 | L47: 0.043 | M47: 0.043 | N47: 0.043 | O47: 0.043 | P47: 0.043 | Q47: 0.043 | R47: 0.043 | S47: 0.043 | T47: 0.043 | U47: 0.043 | V47: 0.043 | W47: 0.043 | X47: 0.043
A48: Cuba | B48: PWRTBATT01
A49: Cuba | B49: PWRTBATT02
A50: Cuba | B50: PWRTBATT03
A51: Cuba | B51: PWRTBATT04
A52: Cuba | B52: TRANSMISSION
A53: Cuba | B53: DISTRIBUTION
A54: Cuba | B54: DEMRESIDEN
A55: Cuba | B55: DEMPRIVATE
A56: Cuba | B56: DEMCOMERC
A57: Cuba | B57: DEMINDUST
A58: Cuba | B58: DEMLIGTH
A59: Cuba | B59: DEMTRAEVC
... A110: Cuba | B110: IMPORT03
A111: Cuba | B111: VOLL_TECH | C111: 100 | D111: 100 | E111: 100 | F111: 100 | G111: 100 | H111: 100 | I111: 100 | J111: 100 | K111: 100 | L111: 100 | M111: 100 | N111: 100 | O111: 100 | P111: 100 | Q111: 100 | R111: 100 | S111: 100 | T111: 100 | U111: 100 | V111: 100 | W111: 100 | X111: 100 | Y111: 100 | Z111: 100 | AA111: 100 | AB111: 100 | AC111: 100 | AD111: 100 | AE111: 100 | AF111: 100 | AG111: 100 | AH111: 100 | AI111: 100 | AJ111: 100 | AK111: 100 | AL111: 100 | AM111: 100
A112: Cuba | B112: BSTOP02
A113: Cuba | B113: BSTOP03
A114: Cuba | B114: BSTOP04
A115: Cuba | B115: BSTOP05
A116: Cuba | B116: BSTOP06
A117: Cuba | B117: BSTOP07
A118: Cuba | B118: BSTOP08
A119: Cuba | B119: BSTOP09
A120: Cuba | B120: BSTOP10
A121: Cuba | B121: BSTOP11
A122: Cuba | B122: BSTOP12
A123: Cuba | B123: BSTOP13
... A135: Cuba | B135: AUXTECH10

Sheet IAR
A1: REGION | B1: TECHNOLOGY | C1: FUEL | D1: MODE_OF_OPERATION | E1: 2019 | F1: 2020 | G1: 2021 | H1: 2022 | I1: 2023 | J1: 2024 | K1: 2025 | L1: 2026 | M1: 2027 | N1: 2028 | O1: 2029 | P1: 2030 | Q1: 2031 | R1: 2032 | S1: 2033 | T1: 2034 | U1: 2035 | V1: 2036 | W1: 2037 | X1: 2038 | Y1: 2039 | Z1: 2040 | AA1: 2041 | AB1: 2042 | AC1: 2043 | AD1: 2044 | AE1: 2045 | AF1: 2046 | AG1: 2047 | AH1: 2048 | AI1: 2049 | AJ1: 2050 | AK1: 2051 | AL1: 2052 | AM1: 2053 | AN1: 2054 | AO1: 2055
A2: Cuba | B2: IMPCRUDE | C2: CRUD | D2: 1
A3: Cuba | B3: IMPCRUDE | C3: CRUD | D3: 2
A4: Cuba | B4: IMPCRUDE | C4: HFO01 | D4: 1
A5: Cuba | B5: IMPCRUDE | C5: HFO01 | D5: 2
A6: Cuba | B6: IMPCRUDE | C6: HFO02 | D6: 1
A7: Cuba | B7: IMPCRUDE | C7: HFO02 | D7: 2
A8: Cuba | B8: IMPCRUDE | C8: LFO | D8: 1
A9: Cuba | B9: IMPCRUDE | C9: LFO | D9: 2
A10: Cuba | B10: IMPCRUDE | C10: DSL | D10: 1
A11: Cuba | B11: IMPCRUDE | C11: DSL | D11: 2
A12: Cuba | B12: IMPCRUDE | C12: NG | D12: 1
A13: Cuba | B13: IMPCRUDE | C13: NG | D13: 2
... A2333: Cuba | B2333: MINHYDRO | C2333: AUXFUEL12 | D2333: 2
A2334: Cuba | B2334: PWRCRUD001 | C2334: CRUD | D2334: 1 | E2334: 3.3 | F2334: 3.3 | G2334: 3.3 | H2334: 3.3 | I2334: 3.3 | J2334: 3.3 | K2334: 3.3 | L2334: 3.3 | M2334: 3.3 | N2334: 3.3 | O2334: 3.3 | P2334: 3.3 | Q2334: 3.3 | R2334: 3.3 | S2334: 3.3 | T2334: 3.3 | U2334: 3.3 | V2334: 3.3 | W2334: 3.3 | X2334: 3.3 | Y2334: 3.3 | Z2334: 3.3 | AA2334: 3.3 | AB2334: 3.3 | AC2334: 3.3 | AD2334: 3.3 | AE2334: 3.3 | AF2334: 3.3 | AG2334: 3.3 | AH2334: 3.3 | AI2334: 3.3 | AJ2334: 3.3 | AK2334: 3.3 | AL2334: 3.3 | AM2334: 3.3 | AN2334: 3.3 | AO2334: 3.3
A2335: Cuba | B2335: PWRCRUD001 | C2335: CRUD | D2335: 2
A2336: Cuba | B2336: PWRCRUD001 | C2336: HFO01 | D2336: 1
A2337: Cuba | B2337: PWRCRUD001 | C2337: HFO01 | D2337: 2 | E2337: 3.3 | F2337: 3.3 | G2337: 3.3 | H2337: 3.3 | I2337: 3.3 | J2337: 3.3 | K2337: 3.3 | L2337: 3.3 | M2337: 3.3 | N2337: 3.3 | O2337: 3.3 | P2337: 3.3 | Q2337: 3.3 | R2337: 3.3 | S2337: 3.3 | T2337: 3.3 | U2337: 3.3 | V2337: 3.3 | W2337: 3.3 | X2337: 3.3 | Y2337: 3.3 | Z2337: 3.3 | AA2337: 3.3 | AB2337: 3.3 | AC2337: 3.3 | AD2337: 3.3 | AE2337: 3.3 | AF2337: 3.3 | AG2337: 3.3 | AH2337: 3.3 | AI2337: 3.3 | AJ2337: 3.3 | AK2337: 3.3 | AL2337: 3.3 | AM2337: 3.3 | AN2337: 3.3 | AO2337: 3.3
A2338: Cuba | B2338: PWRCRUD001 | C2338: HFO02 | D2338: 1
A2339: Cuba | B2339: PWRCRUD001 | C2339: HFO02 | D2339: 2
A2340: Cuba | B2340: PWRCRUD001 | C2340: LFO | D2340: 1
A2341: Cuba | B2341: PWRCRUD001 | C2341: LFO | D2341: 2
A2342: Cuba | B2342: PWRCRUD001 | C2342: DSL | D2342: 1
A2343: Cuba | B2343: PWRCRUD001 | C2343: DSL | D2343: 2
A2344: Cuba | B2344: PWRCRUD001 | C2344: NG | D2344: 1
A2345: Cuba | B2345: PWRCRUD001 | C2345: NG | D2345: 2
A2346: Cuba | B2346: PWRCRUD001 | C2346: BIO01 | D2346: 1
A2347: Cuba | B2347: PWRCRUD001 | C2347: BIO01 | D2347: 2
A2348: Cuba | B2348: PWRCRUD001 | C2348: BIO02 | D2348: 1
A2349: Cuba | B2349: PWRCRUD001 | C2349: BIO02 | D2349: 2
... A2439: Cuba | B2439: PWRCRUD001 | C2439: AUXFUEL12 | D2439: 2
A2440: Cuba | B2440: PWRCRUD002 | C2440: CRUD | D2440: 1 | E2440: 3.3 | F2440: 3.3 | G2440: 3.3 | H2440: 3.3 | I2440: 3.3 | J2440: 3.3 | K2440: 3.3 | L2440: 3.3 | M2440: 3.3 | N2440: 3.3 | O2440: 3.3 | P2440: 3.3 | Q2440: 3.3 | R2440: 3.3 | S2440: 3.3 | T2440: 3.3 | U2440: 3.3 | V2440: 3.3 | W2440: 3.3 | X2440: 3.3 | Y2440: 3.3 | Z2440: 3.3 | AA2440: 3.3 | AB2440: 3.3 | AC2440: 3.3 | AD2440: 3.3 | AE2440: 3.3 | AF2440: 3.3 | AG2440: 3.3 | AH2440: 3.3 | AI2440: 3.3 | AJ2440: 3.3 | AK2440: 3.3 | AL2440: 3.3 | AM2440: 3.3 | AN2440: 3.3 | AO2440: 3.3
A2441: Cuba | B2441: PWRCRUD002 | C2441: CRUD | D2441: 2
A2442: Cuba | B2442: PWRCRUD002 | C2442: HFO01 | D2442: 1
A2443: Cuba | B2443: PWRCRUD002 | C2443: HFO01 | D2443: 2 | E2443: 3.3 | F2443: 3.3 | G2443: 3.3 | H2443: 3.3 | I2443: 3.3 | J2443: 3.3 | K2443: 3.3 | L2443: 3.3 | M2443: 3.3 | N2443: 3.3 | O2443: 3.3 | P2443: 3.3 | Q2443: 3.3 | R2443: 3.3 | S2443: 3.3 | T2443: 3.3 | U2443: 3.3 | V2443: 3.3 | W2443: 3.3 | X2443: 3.3 | Y2443: 3.3 | Z2443: 3.3 | AA2443: 3.3 | AB2443: 3.3 | AC2443: 3.3 | AD2443: 3.3 | AE2443: 3.3 | AF2443: 3.3 | AG2443: 3.3 | AH2443: 3.3 | AI2443: 3.3 | AJ2443: 3.3 | AK2443: 3.3 | AL2443: 3.3 | AM2443: 3.3 | AN2443: 3.3 | AO2443: 3.3
A2444: Cuba | B2444: PWRCRUD002 | C2444: HFO02 | D2444: 1
A2445: Cuba | B2445: PWRCRUD002 | C2445: HFO02 | D2445: 2
A2446: Cuba | B2446: PWRCRUD002 | C2446: LFO | D2446: 1
A2447: Cuba | B2447: PWRCRUD002 | C2447: LFO | D2447: 2
A2448: Cuba | B2448: PWRCRUD002 | C2448: DSL | D2448: 1
A2449: Cuba | B2449: PWRCRUD002 | C2449: DSL | D2449: 2
A2450: Cuba | B2450: PWRCRUD002 | C2450: NG | D2450: 1
A2451: Cuba | B2451: PWRCRUD002 | C2451: NG | D2451: 2
A2452: Cuba | B2452: PWRCRUD002 | C2452: BIO01 | D2452: 1
A2453: Cuba | B2453: PWRCRUD002 | C2453: BIO01 | D2453: 2
A2454: Cuba | B2454: PWRCRUD002 | C2454: BIO02 | D2454: 1
A2455: Cuba | B2455: PWRCRUD002 | C2455: BIO02 | D2455: 2
... A2545: Cuba | B2545: PWRCRUD002 | C2545: AUXFUEL12 | D2545: 2
A2546: Cuba | B2546: PWRCRUD003 | C2546: CRUD | D2546: 1 | E2546: 3.3 | F2546: 3.3 | G2546: 3.3 | H2546: 3.3 | I2546: 3.3 | J2546: 3.3 | K2546: 3.3 | L2546: 3.3 | M2546: 3.3 | N2546: 3.3 | O2546: 3.3 | P2546: 3.3 | Q2546: 3.3 | R2546: 3.3 | S2546: 3.3 | T2546: 3.3 | U2546: 3.3 | V2546: 3.3 | W2546: 3.3 | X2546: 3.3 | Y2546: 3.3 | Z2546: 3.3 | AA2546: 3.3 | AB2546: 3.3 | AC2546: 3.3 | AD2546: 3.3 | AE2546: 3.3 | AF2546: 3.3 | AG2546: 3.3 | AH2546: 3.3 | AI2546: 3.3 | AJ2546: 3.3 | AK2546: 3.3 | AL2546: 3.3 | AM2546: 3.3 | AN2546: 3.3 | AO2546: 3.3
A2547: Cuba | B2547: PWRCRUD003 | C2547: CRUD | D2547: 2
A2548: Cuba | B2548: PWRCRUD003 | C2548: HFO01 | D2548: 1
A2549: Cuba | B2549: PWRCRUD003 | C2549: HFO01 | D2549: 2 | E2549: 3.3 | F2549: 3.3 | G2549: 3.3 | H2549: 3.3 | I2549: 3.3 | J2549: 3.3 | K2549: 3.3 | L2549: 3.3 | M2549: 3.3 | N2549: 3.3 | O2549: 3.3 | P2549: 3.3 | Q2549: 3.3 | R2549: 3.3 | S2549: 3.3 | T2549: 3.3 | U2549: 3.3 | V2549: 3.3 | W2549: 3.3 | X2549: 3.3 | Y2549: 3.3 | Z2549: 3.3 | AA2549: 3.3 | AB2549: 3.3 | AC2549: 3.3 | AD2549: 3.3 | AE2549: 3.3 | AF2549: 3.3 | AG2549: 3.3 | AH2549: 3.3 | AI2549: 3.3 | AJ2549: 3.3 | AK2549: 3.3 | AL2549: 3.3 | AM2549: 3.3 | AN2549: 3.3 | AO2549: 3.3
A2550: Cuba | B2550: PWRCRUD003 | C2550: HFO02 | D2550: 1
A2551: Cuba | B2551: PWRCRUD003 | C2551: HFO02 | D2551: 2
A2552: Cuba | B2552: PWRCRUD003 | C2552: LFO | D2552: 1
A2553: Cuba | B2553: PWRCRUD003 | C2553: LFO | D2553: 2
A2554: Cuba | B2554: PWRCRUD003 | C2554: DSL | D2554: 1
A2555: Cuba | B2555: PWRCRUD003 | C2555: DSL | D2555: 2
A2556: Cuba | B2556: PWRCRUD003 | C2556: NG | D2556: 1
A2557: Cuba | B2557: PWRCRUD003 | C2557: NG | D2557: 2
A2558: Cuba | B2558: PWRCRUD003 | C2558: BIO01 | D2558: 1
A2559: Cuba | B2559: PWRCRUD003 | C2559: BIO01 | D2559: 2
A2560: Cuba | B2560: PWRCRUD003 | C2560: BIO02 | D2560: 1
A2561: Cuba | B2561: PWRCRUD003 | C2561: BIO02 | D2561: 2
... A2651: Cuba | B2651: PWRCRUD003 | C2651: AUXFUEL12 | D2651: 2
A2652: Cuba | B2652: PWRCRUD004 | C2652: CRUD | D2652: 1 | E2652: 3.3 | F2652: 3.3 | G2652: 3.3 | H2652: 3.3 | I2652: 3.3 | J2652: 3.3 | K2652: 3.3 | L2652: 3.3 | M2652: 3.3 | N2652: 3.3 | O2652: 3.3 | P2652: 3.3 | Q2652: 3.3 | R2652: 3.3 | S2652: 3.3 | T2652: 3.3 | U2652: 3.3 | V2652: 3.3 | W2652: 3.3 | X2652: 3.3 | Y2652: 3.3 | Z2652: 3.3 | AA2652: 3.3 | AB2652: 3.3 | AC2652: 3.3 | AD2652: 3.3 | AE2652: 3.3 | AF2652: 3.3 | AG2652: 3.3 | AH2652: 3.3 | AI2652: 3.3 | AJ2652: 3.3 | AK2652: 3.3 | AL2652: 3.3 | AM2652: 3.3 | AN2652: 3.3 | AO2652: 3.3
A2653: Cuba | B2653: PWRCRUD004 | C2653: CRUD | D2653: 2
A2654: Cuba | B2654: PWRCRUD004 | C2654: HFO01 | D2654: 1
A2655: Cuba | B2655: PWRCRUD004 | C2655: HFO01 | D2655: 2 | E2655: 3.3 | F2655: 3.3 | G2655: 3.3 | H2655: 3.3 | I2655: 3.3 | J2655: 3.3 | K2655: 3.3 | L2655: 3.3 | M2655: 3.3 | N2655: 3.3 | O2655: 3.3 | P2655: 3.3 | Q2655: 3.3 | R2655: 3.3 | S2655: 3.3 | T2655: 3.3 | U2655: 3.3 | V2655: 3.3 | W2655: 3.3 | X2655: 3.3 | Y2655: 3.3 | Z2655: 3.3 | AA2655: 3.3 | AB2655: 3.3 | AC2655: 3.3 | AD2655: 3.3 | AE2655: 3.3 | AF2655: 3.3 | AG2655: 3.3 | AH2655: 3.3 | AI2655: 3.3 | AJ2655: 3.3 | AK2655: 3.3 | AL2655: 3.3 | AM2655: 3.3 | AN2655: 3.3 | AO2655: 3.3
A2656: Cuba | B2656: PWRCRUD004 | C2656: HFO02 | D2656: 1
A2657: Cuba | B2657: PWRCRUD004 | C2657: HFO02 | D2657: 2
A2658: Cuba | B2658: PWRCRUD004 | C2658: LFO | D2658: 1
A2659: Cuba | B2659: PWRCRUD004 | C2659: LFO | D2659: 2
A2660: Cuba | B2660: PWRCRUD004 | C2660: DSL | D2660: 1
A2661: Cuba | B2661: PWRCRUD004 | C2661: DSL | D2661: 2
A2662: Cuba | B2662: PWRCRUD004 | C2662: NG | D2662: 1
A2663: Cuba | B2663: PWRCRUD004 | C2663: NG | D2663: 2
A2664: Cuba | B2664: PWRCRUD004 | C2664: BIO01 | D2664: 1
A2665: Cuba | B2665: PWRCRUD004 | C2665: BIO01 | D2665: 2
A2666: Cuba | B2666: PWRCRUD004 | C2666: BIO02 | D2666: 1
A2667: Cuba | B2667: PWRCRUD004 | C2667: BIO02 | D2667: 2
... A2757: Cuba | B2757: PWRCRUD004 | C2757: AUXFUEL12 | D2757: 2
A2758: Cuba | B2758: PWRCRUD008 | C2758: CRUD | D2758: 1 | E2758: 3.3 | F2758: 3.3 | G2758: 3.3 | H2758: 3.3 | I2758: 3.3 | J2758: 3.3 | K2758: 3.3 | L2758: 3.3 | M2758: 3.3 | N2758: 3.3 | O2758: 3.3 | P2758: 3.3 | Q2758: 3.3 | R2758: 3.3 | S2758: 3.3 | T2758: 3.3 | U2758: 3.3 | V2758: 3.3 | W2758: 3.3 | X2758: 3.3 | Y2758: 3.3 | Z2758: 3.3 | AA2758: 3.3 | AB2758: 3.3 | AC2758: 3.3 | AD2758: 3.3 | AE2758: 3.3 | AF2758: 3.3 | AG2758: 3.3 | AH2758: 3.3 | AI2758: 3.3 | AJ2758: 3.3 | AK2758: 3.3 | AL2758: 3.3 | AM2758: 3.3 | AN2758: 3.3 | AO2758: 3.3
A2759: Cuba | B2759: PWRCRUD008 | C2759: CRUD | D2759: 2
A2760: Cuba | B2760: PWRCRUD008 | C2760: HFO01 | D2760: 1
A2761: Cuba | B2761: PWRCRUD008 | C2761: HFO01 | D2761: 2 | E2761: 3.3 | F2761: 3.3 | G2761: 3.3 | H2761: 3.3 | I2761: 3.3 | J2761: 3.3 | K2761: 3.3 | L2761: 3.3 | M2761: 3.3 | N2761: 3.3 | O2761: 3.3 | P2761: 3.3 | Q2761: 3.3 | R2761: 3.3 | S2761: 3.3 | T2761: 3.3 | U2761: 3.3 | V2761: 3.3 | W2761: 3.3 | X2761: 3.3 | Y2761: 3.3 | Z2761: 3.3 | AA2761: 3.3 | AB2761: 3.3 | AC2761: 3.3 | AD2761: 3.3 | AE2761: 3.3 | AF2761: 3.3 | AG2761: 3.3 | AH2761: 3.3 | AI2761: 3.3 | AJ2761: 3.3 | AK2761: 3.3 | AL2761: 3.3 | AM2761: 3.3 | AN2761: 3.3 | AO2761: 3.3
A2762: Cuba | B2762: PWRCRUD008 | C2762: HFO02 | D2762: 1
A2763: Cuba | B2763: PWRCRUD008 | C2763: HFO02 | D2763: 2
A2764: Cuba | B2764: PWRCRUD008 | C2764: LFO | D2764: 1
A2765: Cuba | B2765: PWRCRUD008 | C2765: LFO | D2765: 2
A2766: Cuba | B2766: PWRCRUD008 | C2766: DSL | D2766: 1
A2767: Cuba | B2767: PWRCRUD008 | C2767: DSL | D2767: 2
A2768: Cuba | B2768: PWRCRUD008 | C2768: NG | D2768: 1
A2769: Cuba | B2769: PWRCRUD008 | C2769: NG | D2769: 2
A2770: Cuba | B2770: PWRCRUD008 | C2770: BIO01 | D2770: 1
A2771: Cuba | B2771: PWRCRUD008 | C2771: BIO01 | D2771: 2
A2772: Cuba | B2772: PWRCRUD008 | C2772: BIO02 | D2772: 1
A2773: Cuba | B2773: PWRCRUD008 | C2773: BIO02 | D2773: 2
... A2863: Cuba | B2863: PWRCRUD008 | C2863: AUXFUEL12 | D2863: 2
A2864: Cuba | B2864: PWRCRUD005 | C2864: CRUD | D2864: 1 | E2864: 3.3 | F2864: 3.3 | G2864: 3.3 | H2864: 3.3 | I2864: 3.3 | J2864: 3.3 | K2864: 3.3 | L2864: 3.3 | M2864: 3.3 | N2864: 3.3 | O2864: 3.3 | P2864: 3.3 | Q2864: 3.3 | R2864: 3.3 | S2864: 3.3 | T2864: 3.3 | U2864: 3.3 | V2864: 3.3 | W2864: 3.3 | X2864: 3.3 | Y2864: 3.3 | Z2864: 3.3 | AA2864: 3.3 | AB2864: 3.3 | AC2864: 3.3 | AD2864: 3.3 | AE2864: 3.3 | AF2864: 3.3 | AG2864: 3.3 | AH2864: 3.3 | AI2864: 3.3 | AJ2864: 3.3 | AK2864: 3.3 | AL2864: 3.3 | AM2864: 3.3 | AN2864: 3.3 | AO2864: 3.3
...

Sheet OAR
A1: REGION | B1: TECHNOLOGY | C1: FUEL | D1: MODE_OF_OPERATION | E1: 2019 | F1: 2020 | G1: 2021 | H1: 2022 | I1: 2023 | J1: 2024 | K1: 2025 | L1: 2026 | M1: 2027 | N1: 2028 | O1: 2029 | P1: 2030 | Q1: 2031 | R1: 2032 | S1: 2033 | T1: 2034 | U1: 2035 | V1: 2036 | W1: 2037 | X1: 2038 | Y1: 2039 | Z1: 2040 | AA1: 2041 | AB1: 2042 | AC1: 2043 | AD1: 2044 | AE1: 2045 | AF1: 2046 | AG1: 2047 | AH1: 2048 | AI1: 2049 | AJ1: 2050 | AK1: 2051 | AL1: 2052 | AM1: 2053 | AN1: 2054 | AO1: 2055
A2: Cuba | B2: IMPCRUDE | C2: CRUD | D2: 1 | E2: 1 | F2: 1 | G2: 1 | H2: 1 | I2: 1 | J2: 1 | K2: 1 | L2: 1 | M2: 1 | N2: 1 | O2: 1 | P2: 1 | Q2: 1 | R2: 1 | S2: 1 | T2: 1 | U2: 1 | V2: 1 | W2: 1 | X2: 1 | Y2: 1 | Z2: 1 | AA2: 1 | AB2: 1 | AC2: 1 | AD2: 1 | AE2: 1 | AF2: 1 | AG2: 1 | AH2: 1 | AI2: 1 | AJ2: 1 | AK2: 1 | AL2: 1 | AM2: 1 | AN2: 1 | AO2: 1
A3: Cuba | B3: IMPCRUDE | C3: CRUD | D3: 2
A4: Cuba | B4: IMPCRUDE | C4: HFO01 | D4: 1
A5: Cuba | B5: IMPCRUDE | C5: HFO01 | D5: 2
A6: Cuba | B6: IMPCRUDE | C6: HFO02 | D6: 1
A7: Cuba | B7: IMPCRUDE | C7: HFO02 | D7: 2
A8: Cuba | B8: IMPCRUDE | C8: LFO | D8: 1
A9: Cuba | B9: IMPCRUDE | C9: LFO | D9: 2
A10: Cuba | B10: IMPCRUDE | C10: DSL | D10: 1
A11: Cuba | B11: IMPCRUDE | C11: DSL | D11: 2
A12: Cuba | B12: IMPCRUDE | C12: NG | D12: 1
A13: Cuba | B13: IMPCRUDE | C13: NG | D13: 2
A14: Cuba | B14: IMPCRUDE | C14: BIO01 | D14: 1
... A107: Cuba | B107: IMPCRUDE | C107: AUXFUEL12 | D107: 2
A108: Cuba | B108: MINCRUDE | C108: CRUD | D108: 1 | E108: 1 | F108: 1 | G108: 1 | H108: 1 | I108: 1 | J108: 1 | K108: 1 | L108: 1 | M108: 1 | N108: 1 | O108: 1 | P108: 1 | Q108: 1 | R108: 1 | S108: 1 | T108: 1 | U108: 1 | V108: 1 | W108: 1 | X108: 1 | Y108: 1 | Z108: 1 | AA108: 1 | AB108: 1 | AC108: 1 | AD108: 1 | AE108: 1 | AF108: 1 | AG108: 1 | AH108: 1 | AI108: 1 | AJ108: 1 | AK108: 1 | AL108: 1 | AM108: 1 | AN108: 1 | AO108: 1
A109: Cuba | B109: MINCRUDE | C109: CRUD | D109: 2
A110: Cuba | B110: MINCRUDE | C110: HFO01 | D110: 1
A111: Cuba | B111: MINCRUDE | C111: HFO01 | D111: 2
A112: Cuba | B112: MINCRUDE | C112: HFO02 | D112: 1
A113: Cuba | B113: MINCRUDE | C113: HFO02 | D113: 2
A114: Cuba | B114: MINCRUDE | C114: LFO | D114: 1
A115: Cuba | B115: MINCRUDE | C115: LFO | D115: 2
A116: Cuba | B116: MINCRUDE | C116: DSL | D116: 1
A117: Cuba | B117: MINCRUDE | C117: DSL | D117: 2
A118: Cuba | B118: MINCRUDE | C118: NG | D118: 1
A119: Cuba | B119: MINCRUDE | C119: NG | D119: 2
A120: Cuba | B120: MINCRUDE | C120: BIO01 | D120: 1
... A215: Cuba | B215: IMPHFO01 | C215: CRUD | D215: 2
A216: Cuba | B216: IMPHFO01 | C216: HFO01 | D216: 1 | E216: 0 | F216: 0 | G216: 0 | H216: 0 | I216: 0 | J216: 0 | K216: 0 | L216: 0 | M216: 0 | N216: 0 | O216: 0 | P216: 0 | Q216: 0 | R216: 0 | S216: 0 | T216: 0 | U216: 0 | V216: 0 | W216: 0 | X216: 0 | Y216: 0 | Z216: 0 | AA216: 0 | AB216: 0 | AC216: 0 | AD216: 0 | AE216: 0 | AF216: 0 | AG216: 0 | AH216: 0 | AI216: 0 | AJ216: 0 | AK216: 0 | AL216: 0 | AM216: 0 | AN216: 0 | AO216: 0
A217: Cuba | B217: IMPHFO01 | C217: HFO01 | D217: 2
A218: Cuba | B218: IMPHFO01 | C218: HFO02 | D218: 1
A219: Cuba | B219: IMPHFO01 | C219: HFO02 | D219: 2
A220: Cuba | B220: IMPHFO01 | C220: LFO | D220: 1
A221: Cuba | B221: IMPHFO01 | C221: LFO | D221: 2
A222: Cuba | B222: IMPHFO01 | C222: DSL | D222: 1
A223: Cuba | B223: IMPHFO01 | C223: DSL | D223: 2
A224: Cuba | B224: IMPHFO01 | C224: NG | D224: 1
A225: Cuba | B225: IMPHFO01 | C225: NG | D225: 2
A226: Cuba | B226: IMPHFO01 | C226: BIO01 | D226: 1
A227: Cuba | B227: IMPHFO01 | C227: BIO01 | D227: 2
A228: Cuba | B228: IMPHFO01 | C228: BIO02 | D228: 1
... A323: Cuba | B323: IMPHFO02 | C323: HFO01 | D323: 2
A324: Cuba | B324: IMPHFO02 | C324: HFO02 | D324: 1 | E324: 1 | F324: 1 | G324: 1 | H324: 1 | I324: 1 | J324: 1 | K324: 1 | L324: 1 | M324: 1 | N324: 1 | O324: 1 | P324: 1 | Q324: 1 | R324: 1 | S324: 1 | T324: 1 | U324: 1 | V324: 1 | W324: 1 | X324: 1 | Y324: 1 | Z324: 1 | AA324: 1 | AB324: 1 | AC324: 1 | AD324: 1 | AE324: 1 | AF324: 1 | AG324: 1 | AH324: 1 | AI324: 1 | AJ324: 1 | AK324: 1 | AL324: 1 | AM324: 1 | AN324: 1 | AO324: 1
A325: Cuba | B325: IMPHFO02 | C325: HFO02 | D325: 2
A326: Cuba | B326: IMPHFO02 | C326: LFO | D326: 1
A327: Cuba | B327: IMPHFO02 | C327: LFO | D327: 2
A328: Cuba | B328: IMPHFO02 | C328: DSL | D328: 1
A329: Cuba | B329: IMPHFO02 | C329: DSL | D329: 2
A330: Cuba | B330: IMPHFO02 | C330: NG | D330: 1
A331: Cuba | B331: IMPHFO02 | C331: NG | D331: 2
A332: Cuba | B332: IMPHFO02 | C332: BIO01 | D332: 1
A333: Cuba | B333: IMPHFO02 | C333: BIO01 | D333: 2
A334: Cuba | B334: IMPHFO02 | C334: BIO02 | D334: 1
A335: Cuba | B335: IMPHFO02 | C335: BIO02 | D335: 2
A336: Cuba | B336: IMPHFO02 | C336: BIO03 | D336: 1
... A431: Cuba | B431: IMPLFO | C431: HFO02 | D431: 2
A432: Cuba | B432: IMPLFO | C432: LFO | D432: 1 | E432: 1 | F432: 1 | G432: 1 | H432: 1 | I432: 1 | J432: 1 | K432: 1 | L432: 1 | M432: 1 | N432: 1 | O432: 1 | P432: 1 | Q432: 1 | R432: 1 | S432: 1 | T432: 1 | U432: 1 | V432: 1 | W432: 1 | X432: 1 | Y432: 1 | Z432: 1 | AA432: 1 | AB432: 1 | AC432: 1 | AD432: 1 | AE432: 1 | AF432: 1 | AG432: 1 | AH432: 1 | AI432: 1 | AJ432: 1 | AK432: 1 | AL432: 1 | AM432: 1 | AN432: 1 | AO432: 1
A433: Cuba | B433: IMPLFO | C433: LFO | D433: 2
A434: Cuba | B434: IMPLFO | C434: DSL | D434: 1
A435: Cuba | B435: IMPLFO | C435: DSL | D435: 2
A436: Cuba | B436: IMPLFO | C436: NG | D436: 1
A437: Cuba | B437: IMPLFO | C437: NG | D437: 2
A438: Cuba | B438: IMPLFO | C438: BIO01 | D438: 1
A439: Cuba | B439: IMPLFO | C439: BIO01 | D439: 2
A440: Cuba | B440: IMPLFO | C440: BIO02 | D440: 1
A441: Cuba | B441: IMPLFO | C441: BIO02 | D441: 2
A442: Cuba | B442: IMPLFO | C442: BIO03 | D442: 1
A443: Cuba | B443: IMPLFO | C443: BIO03 | D443: 2
A444: Cuba | B444: IMPLFO | C444: BIO04 | D444: 1
... A539: Cuba | B539: MINDIESEL | C539: LFO | D539: 2
A540: Cuba | B540: MINDIESEL | C540: DSL | D540: 1 | E540: 1 | F540: 1 | G540: 1 | H540: 1 | I540: 1 | J540: 1 | K540: 1 | L540: 1 | M540: 1 | N540: 1 | O540: 1 | P540: 1 | Q540: 1 | R540: 1 | S540: 1 | T540: 1 | U540: 1 | V540: 1 | W540: 1 | X540: 1 | Y540: 1 | Z540: 1 | AA540: 1 | AB540: 1 | AC540: 1 | AD540: 1 | AE540: 1 | AF540: 1 | AG540: 1 | AH540: 1 | AI540: 1 | AJ540: 1 | AK540: 1 | AL540: 1 | AM540: 1 | AN540: 1 | AO540: 1
A541: Cuba | B541: MINDIESEL | C541: DSL | D541: 2
A542: Cuba | B542: MINDIESEL | C542: NG | D542: 1
A543: Cuba | B543: MINDIESEL | C543: NG | D543: 2
A544: Cuba | B544: MINDIESEL | C544: BIO01 | D544: 1
A545: Cuba | B545: MINDIESEL | C545: BIO01 | D545: 2
A546: Cuba | B546: MINDIESEL | C546: BIO02 | D546: 1
A547: Cuba | B547: MINDIESEL | C547: BIO02 | D547: 2
A548: Cuba | B548: MINDIESEL | C548: BIO03 | D548: 1
A549: Cuba | B549: MINDIESEL | C549: BIO03 | D549: 2
A550: Cuba | B550: MINDIESEL | C550: BIO04 | D550: 1
A551: Cuba | B551: MINDIESEL | C551: BIO04 | D551: 2
A552: Cuba | B552: MINDIESEL | C552: GASOLINE | D552: 1
... A645: Cuba | B645: IMPDIESEL | C645: LFO | D645: 2
A646: Cuba | B646: IMPDIESEL | C646: DSL | D646: 1 | E646: 1 | F646: 1 | G646: 1 | H646: 1 | I646: 1 | J646: 1 | K646: 1 | L646: 1 | M646: 1 | N646: 1 | O646: 1 | P646: 1 | Q646: 1 | R646: 1 | S646: 1 | T646: 1 | U646: 1 | V646: 1 | W646: 1 | X646: 1 | Y646: 1 | Z646: 1 | AA646: 1 | AB646: 1 | AC646: 1 | AD646: 1 | AE646: 1 | AF646: 1 | AG646: 1 | AH646: 1 | AI646: 1 | AJ646: 1 | AK646: 1 | AL646: 1 | AM646: 1 | AN646: 1 | AO646: 1
A647: Cuba | B647: IMPDIESEL | C647: DSL | D647: 2
A648: Cuba | B648: IMPDIESEL | C648: NG | D648: 1
A649: Cuba | B649: IMPDIESEL | C649: NG | D649: 2
A650: Cuba | B650: IMPDIESEL | C650: BIO01 | D650: 1
A651: Cuba | B651: IMPDIESEL | C651: BIO01 | D651: 2
A652: Cuba | B652: IMPDIESEL | C652: BIO02 | D652: 1
A653: Cuba | B653: IMPDIESEL | C653: BIO02 | D653: 2
A654: Cuba | B654: IMPDIESEL | C654: BIO03 | D654: 1
A655: Cuba | B655: IMPDIESEL | C655: BIO03 | D655: 2
A656: Cuba | B656: IMPDIESEL | C656: BIO04 | D656: 1
A657: Cuba | B657: IMPDIESEL | C657: BIO04 | D657: 2
A658: Cuba | B658: IMPDIESEL | C658: GASOLINE | D658: 1
... A859: Cuba | B859: MINNG | C859: DSL | D859: 2
A860: Cuba | B860: MINNG | C860: NG | D860: 1 | E860: 1 | F860: 1 | G860: 1 | H860: 1 | I860: 1 | J860: 1 | K860: 1 | L860: 1 | M860: 1 | N860: 1 | O860: 1 | P860: 1 | Q860: 1 | R860: 1 | S860: 1 | T860: 1 | U860: 1 | V860: 1 | W860: 1 | X860: 1 | Y860: 1 | Z860: 1 | AA860: 1 | AB860: 1 | AC860: 1 | AD860: 1 | AE860: 1 | AF860: 1 | AG860: 1 | AH860: 1 | AI860: 1 | AJ860: 1 | AK860: 1 | AL860: 1 | AM860: 1 | AN860: 1 | AO860: 1
...

Sheet CC
A1: REGION | B1: TECHNOLOGY | C1: 2019 | D1: 2020 | E1: 2021 | F1: 2022 | G1: 2023 | H1: 2024 | I1: 2025 | J1: 2026 | K1: 2027 | L1: 2028 | M1: 2029 | N1: 2030 | O1: 2031 | P1: 2032 | Q1: 2033 | R1: 2034 | S1: 2035 | T1: 2036 | U1: 2037 | V1: 2038 | W1: 2039 | X1: 2040 | Y1: 2041 | Z1: 2042 | AA1: 2043 | AB1: 2044 | AC1: 2045 | AD1: 2046 | AE1: 2047 | AF1: 2048 | AG1: 2049 | AH1: 2050 | AI1: 2051 | AJ1: 2052 | AK1: 2053 | AL1: 2054 | AM1: 2055
A2: Cuba | B2: IMPCRUDE
A3: Cuba | B3: MINCRUDE
A4: Cuba | B4: IMPHFO01
A5: Cuba | B5: IMPHFO02
A6: Cuba | B6: IMPLFO
A7: Cuba | B7: MINDIESEL
A8: Cuba | B8: IMPDIESEL
A9: Cuba | B9: IMPNG
A10: Cuba | B10: MINNG
A11: Cuba | B11: MINBIO1
A12: Cuba | B12: MINBIO2
A13: Cuba | B13: MINBIO3
... A31: Cuba | B31: PWRCRUD007
A32: Cuba | B32: PWRCRUD009 | C32: 2000 | D32: 2000 | E32: 2000 | F32: 2000 | G32: 2000 | H32: 2000 | I32: 2000 | J32: 2000 | K32: 2000 | L32: 2000 | M32: 2000 | N32: 2000 | O32: 2000 | P32: 2000 | Q32: 2000 | R32: 2000 | S32: 2000 | T32: 2000 | U32: 2000 | V32: 2000 | W32: 2000 | X32: 2000 | Y32: 2000 | Z32: 2000 | AA32: 2000 | AB32: 2000 | AC32: 2000 | AD32: 2000 | AE32: 2000 | AF32: 2000 | AG32: 2000 | AH32: 2000 | AI32: 2000 | AJ32: 2000 | AK32: 2000 | AL32: 2000 | AM32: 2000
A33: Cuba | B33: PWRNG01 | C33: 1600 | D33: 1600 | E33: 1600 | F33: 1600 | G33: 1600 | H33: 1600 | I33: 1600 | J33: 1600 | K33: 1600 | L33: 1600 | M33: 1600 | N33: 1600 | O33: 1600 | P33: 1600 | Q33: 1600 | R33: 1600 | S33: 1600 | T33: 1600 | U33: 1600 | V33: 1600 | W33: 1600 | X33: 1600 | Y33: 1600 | Z33: 1600 | AA33: 1600 | AB33: 1600 | AC33: 1600 | AD33: 1600 | AE33: 1600 | AF33: 1600 | AG33: 1600 | AH33: 1600 | AI33: 1600 | AJ33: 1600 | AK33: 1600 | AL33: 1600 | AM33: 1600
A34: Cuba | B34: PWRNG02 | C34: 1600 | D34: 1600 | E34: 1600 | F34: 1600 | G34: 1600 | H34: 1600 | I34: 1600 | J34: 1600 | K34: 1600 | L34: 1600 | M34: 1600 | N34: 1600 | O34: 1600 | P34: 1600 | Q34: 1600 | R34: 1600 | S34: 1600 | T34: 1600 | U34: 1600 | V34: 1600 | W34: 1600 | X34: 1600 | Y34: 1600 | Z34: 1600 | AA34: 1600 | AB34: 1600 | AC34: 1600 | AD34: 1600 | AE34: 1600 | AF34: 1600 | AG34: 1600 | AH34: 1600 | AI34: 1600 | AJ34: 1600 | AK34: 1600 | AL34: 1600 | AM34: 1600
A35: Cuba | B35: PWRGHFO2
A36: Cuba | B36: PWRBIO01 | C36: 2700 | D36: 2700 | E36: 2700 | F36: 2700 | G36: 2700 | H36: 2700 | I36: 2700 | J36: 2700 | K36: 2700 | L36: 2700 | M36: 2700 | N36: 2700 | O36: 2700 | P36: 2700 | Q36: 2700 | R36: 2700 | S36: 2700 | T36: 2700 | U36: 2700 | V36: 2700 | W36: 2700 | X36: 2700 | Y36: 2700 | Z36: 2700 | AA36: 2700 | AB36: 2700 | AC36: 2700 | AD36: 2700 | AE36: 2700 | AF36: 2700 | AG36: 2700 | AH36: 2700 | AI36: 2700 | AJ36: 2700 | AK36: 2700 | AL36: 2700 | AM36: 2700
A37: Cuba | B37: PWRBIO02 | C37: 2500 | D37: 2500 | E37: 2500 | F37: 2500 | G37: 2500 | H37: 2500 | I37: 2500 | J37: 2500 | K37: 2500 | L37: 2500 | M37: 2500 | N37: 2500 | O37: 2500 | P37: 2500 | Q37: 2500 | R37: 2500 | S37: 2500 | T37: 2500 | U37: 2500 | V37: 2500 | W37: 2500 | X37: 2500 | Y37: 2500 | Z37: 2500 | AA37: 2500 | AB37: 2500 | AC37: 2500 | AD37: 2500 | AE37: 2500 | AF37: 2500 | AG37: 2500 | AH37: 2500 | AI37: 2500 | AJ37: 2500 | AK37: 2500 | AL37: 2500 | AM37: 2500
A38: Cuba | B38: PWRWND001 | C38: 1588 | D38: 1581 | E38: 1573 | F38: 1566 | G38: 1558 | H38: 1551 | I38: 1400 | J38: 1360 | K38: 1320 | L38: 1280 | M38: 1240 | N38: 1200 | O38: 1180 | P38: 1160 | Q38: 1140 | R38: 1120 | S38: 1100 | T38: 1080 | U38: 1060 | V38: 1040 | W38: 1020 | X38: 1000 | Y38: 980 | Z38: 960 | AA38: 940 | AB38: 920 | AC38: 900 | AD38: 880 | AE38: 860 | AF38: 840 | AG38: 820 | AH38: 800 | AI38: 780 | AJ38: 760 | AK38: 740 | AL38: 720 | AM38: 700
A39: Cuba | B39: PWRWND002
A40: Cuba | B40: PWRPV01 | C40: 1599.3798 | D40: 1524.5271 | E40: 1449.6744 | F40: 1374.8217 | G40: 1299.969 | H40: 1024.8 | I40: 900 | J40: 860 | K40: 820 | L40: 780 | M40: 740 | N40: 700 | O40: 690 | P40: 680 | Q40: 670 | R40: 660 | S40: 650 | T40: 640 | U40: 630 | V40: 620 | W40: 610 | X40: 600 | Y40: 590 | Z40: 580 | AA40: 570 | AB40: 560 | AC40: 550 | AD40: 540 | AE40: 530 | AF40: 520 | AG40: 510 | AH40: 500 | AI40: 490 | AJ40: 480 | AK40: 470 | AL40: 460 | AM40: 450
A41: Cuba | B41: PWRPV02 | C41: 1599.3798 | D41: 1524.5271 | E41: 1449.6744 | F41: 1374.8217 | G41: 1299.969 | H41: 1225.1163 | I41: 1150.2636 | J41: 1075.4109 | K41: 1000.5581 | L41: 925.70543 | M41: 850.85271 | N41: 776 | O41: 770.35 | P41: 764.7 | Q41: 759.05 | R41: 753.4 | S41: 747.75 | T41: 742.1 | U41: 736.45 | V41: 730.8 | W41: 725.15 | X41: 719.5 | Y41: 713.85 | Z41: 708.2 | AA41: 702.55 | AB41: 696.9 | AC41: 691.25 | AD41: 685.6 | AE41: 679.95 | AF41: 674.3 | AG41: 668.65 | AH41: 663 | AI41: 657.35 | AJ41: 651.7 | AK41: 646.05 | AL41: 640.4 | AM41: 634.75
A42: Cuba | B42: PWRPV03
A43: Cuba | B43: PWRCSP | C43: 6500 | D43: 6500 | E43: 6500 | F43: 6500 | G43: 6500 | H43: 6500 | I43: 6500 | J43: 6400 | K43: 6300 | L43: 6200 | M43: 6100 | N43: 6000 | O43: 5950 | P43: 5900 | Q43: 5850 | R43: 5800 | S43: 5750 | T43: 5700 | U43: 5650 | V43: 5600 | W43: 5550 | X43: 5500 | Y43: 5450 | Z43: 5400 | AA43: 5350 | AB43: 5300 | AC43: 5250 | AD43: 5200 | AE43: 5150 | AF43: 5100 | AG43: 5050 | AH43: 5000 | AI43: 4950 | AJ43: 4900 | AK43: 4850 | AL43: 4800 | AM43: 4750
A44: Cuba | B44: PWRFO | C44: 800 | D44: 800 | E44: 800 | F44: 800 | G44: 800 | H44: 800 | I44: 800 | J44: 800 | K44: 800 | L44: 800 | M44: 800 | N44: 800 | O44: 800 | P44: 800 | Q44: 800 | R44: 800 | S44: 800 | T44: 800 | U44: 800 | V44: 800 | W44: 800 | X44: 800 | Y44: 800 | Z44: 800 | AA44: 800 | AB44: 800 | AC44: 800 | AD44: 800 | AE44: 800 | AF44: 800 | AG44: 800 | AH44: 800 | AI44: 800 | AJ44: 800 | AK44: 800 | AL44: 800 | AM44: 800
A45: Cuba | B45: PWRDSL | C45: 750 | D45: 750 | E45: 750 | F45: 750 | G45: 750 | H45: 750 | I45: 750 | J45: 750 | K45: 750 | L45: 750 | M45: 750 | N45: 750 | O45: 750 | P45: 750 | Q45: 750 | R45: 750 | S45: 750 | T45: 750 | U45: 750 | V45: 750 | W45: 750 | X45: 750 | Y45: 750 | Z45: 750 | AA45: 750 | AB45: 750 | AC45: 750 | AD45: 750 | AE45: 750 | AF45: 750 | AG45: 750 | AH45: 750 | AI45: 750 | AJ45: 750 | AK45: 750 | AL45: 750 | AM45: 750
A46: Cuba | B46: PWRHYD01 | C46: 2800 | D46: 2800 | E46: 2800 | F46: 2800 | G46: 2800 | H46: 2800 | I46: 2800 | J46: 2800 | K46: 2800 | L46: 2800 | M46: 2800 | N46: 2800 | O46: 2800 | P46: 2800 | Q46: 2800 | R46: 2800 | S46: 2800 | T46: 2800 | U46: 2800 | V46: 2800 | W46: 2800 | X46: 2800 | Y46: 2800 | Z46: 2800 | AA46: 2800 | AB46: 2800 | AC46: 2800 | AD46: 2800 | AE46: 2800 | AF46: 2800 | AG46: 2800 | AH46: 2800 | AI46: 2800 | AJ46: 2800 | AK46: 2800 | AL46: 2800 | AM46: 2800
A47: Cuba | B47: PWRHYD02 | C47: 2500 | D47: 2500 | E47: 2500 | F47: 2500 | G47: 2500 | H47: 2500 | I47: 2500 | J47: 2500 | K47: 2500 | L47: 2500 | M47: 2500 | N47: 2500 | O47: 2500 | P47: 2500 | Q47: 2500 | R47: 2500 | S47: 2500 | T47: 2500 | U47: 2500 | V47: 2500 | W47: 2500 | X47: 2500 | Y47: 2500 | Z47: 2500 | AA47: 2500 | AB47: 2500 | AC47: 2500 | AD47: 2500 | AE47: 2500 | AF47: 2500 | AG47: 2500 | AH47: 2500 | AI47: 2500 | AJ47: 2500 | AK47: 2500 | AL47: 2500 | AM47: 2500
A48: Cuba | B48: PWRTBATT01 | C48: 150 | D48: 150 | E48: 150 | F48: 150 | G48: 150 | H48: 150 | I48: 150 | J48: 150 | K48: 150 | L48: 150 | M48: 150 | N48: 150 | O48: =ROUND(N48*0.99,1) -> 148.5 | P48: =ROUND(O48*0.99,1) -> 147 | Q48: =ROUND(P48*0.99,1) -> 145.5 | R48: =ROUND(Q48*0.99,1) -> 144 | S48: =ROUND(R48*0.99,1) -> 142.6 | T48: =ROUND(S48*0.99,1) -> 141.2 | U48: =ROUND(T48*0.99,1) -> 139.8 | V48: =ROUND(U48*0.99,1) -> 138.4 | ... AM48: =ROUND(AL48*0.99,1) -> 116.6
A49: Cuba | B49: PWRTBATT02
A50: Cuba | B50: PWRTBATT03
A51: Cuba | B51: PWRTBATT04
A52: Cuba | B52: TRANSMISSION
A53: Cuba | B53: DISTRIBUTION
A54: Cuba | B54: DEMRESIDEN
A55: Cuba | B55: DEMPRIVATE
A56: Cuba | B56: DEMCOMERC
A57: Cuba | B57: DEMINDUST
A58: Cuba | B58: DEMLIGTH
A59: Cuba | B59: DEMTRAEVC
A60: Cuba | B60: DEMTRACARELC
... A135: Cuba | B135: AUXTECH10

Sheet VC
A1: REGION | B1: TECHNOLOGY | C1: MODE_OF_OPERATION | D1: 2019 | E1: 2020 | F1: 2021 | G1: 2022 | H1: 2023 | I1: 2024 | J1: 2025 | K1: 2026 | L1: 2027 | M1: 2028 | N1: 2029 | O1: 2030 | P1: 2031 | Q1: 2032 | R1: 2033 | S1: 2034 | T1: 2035 | U1: 2036 | V1: 2037 | W1: 2038 | X1: 2039 | Y1: 2040 | Z1: 2041 | AA1: 2042 | AB1: 2043 | AC1: 2044 | AD1: 2045 | AE1: 2046 | AF1: 2047 | AG1: 2048 | AH1: 2049 | AI1: 2050 | AJ1: 2051 | AK1: 2052 | AL1: 2053 | AM1: 2054 | AN1: 2055
A2: Cuba | B2: IMPCRUDE | C2: 1 | D2: 14 | E2: 14 | F2: 14 | G2: 14 | H2: 14 | I2: 14 | J2: 14 | K2: 14 | L2: 14 | M2: 14 | N2: 14 | O2: 14 | P2: 14 | Q2: 14 | R2: 14 | S2: 14 | T2: 14 | U2: 14 | V2: 14 | W2: 14 | X2: 14 | Y2: 14 | Z2: 14 | AA2: 14 | AB2: 14 | AC2: 14 | AD2: 14 | AE2: 14 | AF2: 14 | AG2: 14 | AH2: 14 | AI2: 14 | AJ2: 14 | AK2: 14 | AL2: 14 | AM2: 14 | AN2: 14
A3: Cuba | B3: IMPCRUDE | C3: 2 | D3: 99999 | E3: 99999 | F3: 99999 | G3: 99999 | H3: 99999 | I3: 99999 | J3: 99999 | K3: 99999 | L3: 99999 | M3: 99999 | N3: 99999 | O3: 99999 | P3: 99999 | Q3: 99999 | R3: 99999 | S3: 99999 | T3: 99999 | U3: 99999 | V3: 99999 | W3: 99999 | X3: 99999 | Y3: 99999 | Z3: 99999 | AA3: 99999 | AB3: 99999 | AC3: 99999 | AD3: 99999 | AE3: 99999 | AF3: 99999 | AG3: 99999 | AH3: 99999 | AI3: 99999 | AJ3: 99999 | AK3: 99999 | AL3: 99999 | AM3: 99999 | AN3: 99999
A4: Cuba | B4: MINCRUDE | C4: 1 | D4: 11.25 | E4: 11.25 | F4: 11.25 | G4: 11.25 | H4: 11.25 | I4: 11.25 | J4: 11.25 | K4: 11.25 | L4: 11.25 | M4: 11.25 | N4: 11.25 | O4: 11.25 | P4: 11.25 | Q4: 11.25 | R4: 11.25 | S4: 11.25 | T4: 11.25 | U4: 11.25 | V4: 11.25 | W4: 11.25 | X4: 11.25 | Y4: 11.25 | Z4: 11.25 | AA4: 11.25 | AB4: 11.25 | AC4: 11.25 | AD4: 11.25 | AE4: 11.25 | AF4: 11.25 | AG4: 11.25 | AH4: 11.25 | AI4: 11.25 | AJ4: 11.25 | AK4: 11.25 | AL4: 11.25 | AM4: 11.25 | AN4: 11.25
A5: Cuba | B5: MINCRUDE | C5: 2 | D5: 99999 | E5: 99999 | F5: 99999 | G5: 99999 | H5: 99999 | I5: 99999 | J5: 99999 | K5: 99999 | L5: 99999 | M5: 99999 | N5: 99999 | O5: 99999 | P5: 99999 | Q5: 99999 | R5: 99999 | S5: 99999 | T5: 99999 | U5: 99999 | V5: 99999 | W5: 99999 | X5: 99999 | Y5: 99999 | Z5: 99999 | AA5: 99999 | AB5: 99999 | AC5: 99999 | AD5: 99999 | AE5: 99999 | AF5: 99999 | AG5: 99999 | AH5: 99999 | AI5: 99999 | AJ5: 99999 | AK5: 99999 | AL5: 99999 | AM5: 99999 | AN5: 99999
A6: Cuba | B6: IMPHFO01 | C6: 1 | D6: 24.44 | E6: 24.44 | F6: 24.44 | G6: 24.44 | H6: 24.44 | I6: 24.44 | J6: 24.44 | K6: 24.44 | L6: 24.44 | M6: 24.44 | N6: 24.44 | O6: 24.44 | P6: 24.44 | Q6: 24.44 | R6: 24.44 | S6: 24.44 | T6: 24.44 | U6: 24.44 | V6: 24.44 | W6: 24.44 | X6: 24.44 | Y6: 24.44 | Z6: 24.44 | AA6: 24.44 | AB6: 24.44 | AC6: 24.44 | AD6: 24.44 | AE6: 24.44 | AF6: 24.44 | AG6: 24.44 | AH6: 24.44 | AI6: 24.44 | AJ6: 24.44 | AK6: 24.44 | AL6: 24.44 | AM6: 24.44 | AN6: 24.44
A7: Cuba | B7: IMPHFO01 | C7: 2 | D7: 99999 | E7: 99999 | F7: 99999 | G7: 99999 | H7: 99999 | I7: 99999 | J7: 99999 | K7: 99999 | L7: 99999 | M7: 99999 | N7: 99999 | O7: 99999 | P7: 99999 | Q7: 99999 | R7: 99999 | S7: 99999 | T7: 99999 | U7: 99999 | V7: 99999 | W7: 99999 | X7: 99999 | Y7: 99999 | Z7: 99999 | AA7: 99999 | AB7: 99999 | AC7: 99999 | AD7: 99999 | AE7: 99999 | AF7: 99999 | AG7: 99999 | AH7: 99999 | AI7: 99999 | AJ7: 99999 | AK7: 99999 | AL7: 99999 | AM7: 99999 | AN7: 99999
A8: Cuba | B8: IMPHFO02 | C8: 1 | D8: 31 | E8: 31 | F8: 31 | G8: 31 | H8: 31 | I8: 31 | J8: 31 | K8: 31 | L8: 31 | M8: 31 | N8: 31 | O8: 31 | P8: 31 | Q8: 31 | R8: 31 | S8: 31 | T8: 31 | U8: 31 | V8: 31 | W8: 31 | X8: 31 | Y8: 31 | Z8: 31 | AA8: 31 | AB8: 31 | AC8: 31 | AD8: 31 | AE8: 31 | AF8: 31 | AG8: 31 | AH8: 31 | AI8: 31 | AJ8: 31 | AK8: 31 | AL8: 31 | AM8: 31 | AN8: 31
A9: Cuba | B9: IMPHFO02 | C9: 2 | D9: 99999 | E9: 99999 | F9: 99999 | G9: 99999 | H9: 99999 | I9: 99999 | J9: 99999 | K9: 99999 | L9: 99999 | M9: 99999 | N9: 99999 | O9: 99999 | P9: 99999 | Q9: 99999 | R9: 99999 | S9: 99999 | T9: 99999 | U9: 99999 | V9: 99999 | W9: 99999 | X9: 99999 | Y9: 99999 | Z9: 99999 | AA9: 99999 | AB9: 99999 | AC9: 99999 | AD9: 99999 | AE9: 99999 | AF9: 99999 | AG9: 99999 | AH9: 99999 | AI9: 99999 | AJ9: 99999 | AK9: 99999 | AL9: 99999 | AM9: 99999 | AN9: 99999
A10: Cuba | B10: IMPLFO | C10: 1 | D10: =27.5 -> 27.5 | E10: =27.5 -> 27.5 | F10: =27.5 -> 27.5 | G10: =27.5 -> 27.5 | H10: =27.5 -> 27.5 | I10: =27.5 -> 27.5 | J10: =27.5 -> 27.5 | K10: =27.5 -> 27.5 | ... AN10: =27.5 -> 27.5
A11: Cuba | B11: IMPLFO | C11: 2 | D11: 99999 | E11: 99999 | F11: 99999 | G11: 99999 | H11: 99999 | I11: 99999 | J11: 99999 | K11: 99999 | L11: 99999 | M11: 99999 | N11: 99999 | O11: 99999 | P11: 99999 | Q11: 99999 | R11: 99999 | S11: 99999 | T11: 99999 | U11: 99999 | V11: 99999 | W11: 99999 | X11: 99999 | Y11: 99999 | Z11: 99999 | AA11: 99999 | AB11: 99999 | AC11: 99999 | AD11: 99999 | AE11: 99999 | AF11: 99999 | AG11: 99999 | AH11: 99999 | AI11: 99999 | AJ11: 99999 | AK11: 99999 | AL11: 99999 | AM11: 99999 | AN11: 99999
A12: Cuba | B12: MINDIESEL | C12: 1 | D12: 61.11 | E12: 61.11 | F12: 61.11 | G12: 61.11 | H12: 61.11 | I12: 61.11 | J12: 61.11 | K12: 61.11 | L12: 61.11 | M12: 61.11 | N12: 61.11 | O12: 61.11 | P12: 61.11 | Q12: 61.11 | R12: 61.11 | S12: 61.11 | T12: 61.11 | U12: 61.11 | V12: 61.11 | W12: 61.11 | X12: 61.11 | Y12: 61.11 | Z12: 61.11 | AA12: 61.11 | AB12: 61.11 | AC12: 61.11 | AD12: 61.11 | AE12: 61.11 | AF12: 61.11 | AG12: 61.11 | AH12: 61.11 | AI12: 61.11 | AJ12: 61.11 | AK12: 61.11 | AL12: 61.11 | AM12: 61.11 | AN12: 61.11
A13: Cuba | B13: MINDIESEL | C13: 2 | D13: 99999 | E13: 99999 | F13: 99999 | G13: 99999 | H13: 99999 | I13: 99999 | J13: 99999 | K13: 99999 | L13: 99999 | M13: 99999 | N13: 99999 | O13: 99999 | P13: 99999 | Q13: 99999 | R13: 99999 | S13: 99999 | T13: 99999 | U13: 99999 | V13: 99999 | W13: 99999 | X13: 99999 | Y13: 99999 | Z13: 99999 | AA13: 99999 | AB13: 99999 | AC13: 99999 | AD13: 99999 | AE13: 99999 | AF13: 99999 | AG13: 99999 | AH13: 99999 | AI13: 99999 | AJ13: 99999 | AK13: 99999 | AL13: 99999 | AM13: 99999 | AN13: 99999
A14: Cuba | B14: IMPDIESEL | C14: 1 | D14: 61.11 | E14: 61.11 | F14: 61.11 | G14: 61.11 | H14: 61.11 | I14: 61.11 | J14: 61.11 | K14: 61.11 | L14: 61.11 | M14: 61.11 | N14: 61.11 | O14: 61.11 | P14: 61.11 | Q14: 61.11 | R14: 61.11 | S14: 61.11 | T14: 61.11 | U14: 61.11 | V14: 61.11 | W14: 61.11 | X14: 61.11 | Y14: 61.11 | Z14: 61.11 | AA14: 61.11 | AB14: 61.11 | AC14: 61.11 | AD14: 61.11 | AE14: 61.11 | AF14: 61.11 | AG14: 61.11 | AH14: 61.11 | AI14: 61.11 | AJ14: 61.11 | AK14: 61.11 | AL14: 61.11 | AM14: 61.11 | AN14: 61.11
A15: Cuba | B15: IMPDIESEL | C15: 2 | D15: 99999 | E15: 99999 | F15: 99999 | G15: 99999 | H15: 99999 | I15: 99999 | J15: 99999 | K15: 99999 | L15: 99999 | M15: 99999 | N15: 99999 | O15: 99999 | P15: 99999 | Q15: 99999 | R15: 99999 | S15: 99999 | T15: 99999 | U15: 99999 | V15: 99999 | W15: 99999 | X15: 99999 | Y15: 99999 | Z15: 99999 | AA15: 99999 | AB15: 99999 | AC15: 99999 | AD15: 99999 | AE15: 99999 | AF15: 99999 | AG15: 99999 | AH15: 99999 | AI15: 99999 | AJ15: 99999 | AK15: 99999 | AL15: 99999 | AM15: 99999 | AN15: 99999
A16: Cuba | B16: IMPNG | C16: 1 | D16: 4.47 | E16: 4.47 | F16: 4.47 | G16: 4.47 | H16: 4.47 | I16: 4.47 | J16: 4.47 | K16: 4.47 | L16: 4.47 | M16: 4.47 | N16: 4.47 | O16: 4.47 | P16: 4.47 | Q16: 4.47 | R16: 4.47 | S16: 4.47 | T16: 4.47 | U16: 4.47 | V16: 4.47 | W16: 4.47 | X16: 4.47 | Y16: 4.47 | Z16: 4.47 | AA16: 4.47 | AB16: 4.47 | AC16: 4.47 | AD16: 4.47 | AE16: 4.47 | AF16: 4.47 | AG16: 4.47 | AH16: 4.47 | AI16: 4.47 | AJ16: 4.47 | AK16: 4.47 | AL16: 4.47 | AM16: 4.47 | AN16: 4.47
A17: Cuba | B17: IMPNG | C17: 2 | D17: 99999 | E17: 99999 | F17: 99999 | G17: 99999 | H17: 99999 | I17: 99999 | J17: 99999 | K17: 99999 | L17: 99999 | M17: 99999 | N17: 99999 | O17: 99999 | P17: 99999 | Q17: 99999 | R17: 99999 | S17: 99999 | T17: 99999 | U17: 99999 | V17: 99999 | W17: 99999 | X17: 99999 | Y17: 99999 | Z17: 99999 | AA17: 99999 | AB17: 99999 | AC17: 99999 | AD17: 99999 | AE17: 99999 | AF17: 99999 | AG17: 99999 | AH17: 99999 | AI17: 99999 | AJ17: 99999 | AK17: 99999 | AL17: 99999 | AM17: 99999 | AN17: 99999
A18: Cuba | B18: MINNG | C18: 1 | D18: 1.17 | E18: 1.17 | F18: 1.17 | G18: 1.17 | H18: 1.17 | I18: 1.17 | J18: 1.17 | K18: 1.17 | L18: 1.17 | M18: 1.17 | N18: 1.17 | O18: 1.17 | P18: 1.17 | Q18: 1.17 | R18: 1.17 | S18: 1.17 | T18: 1.17 | U18: 1.17 | V18: 1.17 | W18: 1.17 | X18: 1.17 | Y18: 1.17 | Z18: 1.17 | AA18: 1.17 | AB18: 1.17 | AC18: 1.17 | AD18: 1.17 | AE18: 1.17 | AF18: 1.17 | AG18: 1.17 | AH18: 1.17 | AI18: 1.17 | AJ18: 1.17 | AK18: 1.17 | AL18: 1.17 | AM18: 1.17 | AN18: 1.17
A19: Cuba | B19: MINNG | C19: 2 | D19: 99999 | E19: 99999 | F19: 99999 | G19: 99999 | H19: 99999 | I19: 99999 | J19: 99999 | K19: 99999 | L19: 99999 | M19: 99999 | N19: 99999 | O19: 99999 | P19: 99999 | Q19: 99999 | R19: 99999 | S19: 99999 | T19: 99999 | U19: 99999 | V19: 99999 | W19: 99999 | X19: 99999 | Y19: 99999 | Z19: 99999 | AA19: 99999 | AB19: 99999 | AC19: 99999 | AD19: 99999 | AE19: 99999 | AF19: 99999 | AG19: 99999 | AH19: 99999 | AI19: 99999 | AJ19: 99999 | AK19: 99999 | AL19: 99999 | AM19: 99999 | AN19: 99999
A20: Cuba | B20: MINBIO1 | C20: 1 | D20: 5.6 | E20: 5.6 | F20: 5.6 | G20: 5.6 | H20: 5.6 | I20: 5.6 | J20: 5.6 | K20: 5.6 | L20: 5.6 | M20: 5.6 | N20: 5.6 | O20: 5.6 | P20: 5.6 | Q20: 5.6 | R20: 5.6 | S20: 5.6 | T20: 5.6 | U20: 5.6 | V20: 5.6 | W20: 5.6 | X20: 5.6 | Y20: 5.6 | Z20: 5.6 | AA20: 5.6 | AB20: 5.6 | AC20: 5.6 | AD20: 5.6 | AE20: 5.6 | AF20: 5.6 | AG20: 5.6 | AH20: 5.6 | AI20: 5.6 | AJ20: 5.6 | AK20: 5.6 | AL20: 5.6 | AM20: 5.6 | AN20: 5.6
A21: Cuba | B21: MINBIO1 | C21: 2 | D21: 99999 | E21: 99999 | F21: 99999 | G21: 99999 | H21: 99999 | I21: 99999 | J21: 99999 | K21: 99999 | L21: 99999 | M21: 99999 | N21: 99999 | O21: 99999 | P21: 99999 | Q21: 99999 | R21: 99999 | S21: 99999 | T21: 99999 | U21: 99999 | V21: 99999 | W21: 99999 | X21: 99999 | Y21: 99999 | Z21: 99999 | AA21: 99999 | AB21: 99999 | AC21: 99999 | AD21: 99999 | AE21: 99999 | AF21: 99999 | AG21: 99999 | AH21: 99999 | AI21: 99999 | AJ21: 99999 | AK21: 99999 | AL21: 99999 | AM21: 99999 | AN21: 99999
A22: Cuba | B22: MINBIO2 | C22: 1
A23: Cuba | B23: MINBIO2 | C23: 2
A24: Cuba | B24: MINBIO3 | C24: 1
A25: Cuba | B25: MINBIO3 | C25: 2
A26: Cuba | B26: MINBIO4 | C26: 1
A27: Cuba | B27: MINBIO4 | C27: 2
A28: Cuba | B28: IMPBIO | C28: 1
A29: Cuba | B29: IMPBIO | C29: 2
A30: Cuba | B30: MINKEROSEN | C30: 1
A31: Cuba | B31: MINKEROSEN | C31: 2
A32: Cuba | B32: IMPKEROSEN | C32: 1
A33: Cuba | B33: IMPKEROSEN | C33: 2
... A249: Cuba | B249: BSTOP15 | C249: 2
A250: Cuba | B250: AUXTECH01 | C250: 1 | D250: 830 | E250: 830 | F250: 830 | G250: 830 | H250: 830 | I250: 830 | J250: 830 | K250: 830 | L250: 830 | M250: 830 | N250: 830 | O250: 830 | P250: 830 | Q250: 830 | R250: 830 | S250: 830 | T250: 830 | U250: 830 | V250: 830 | W250: 830 | X250: 830 | Y250: 830 | Z250: 830 | AA250: 830 | AB250: 830 | AC250: 830 | AD250: 830 | AE250: 830 | AF250: 830 | AG250: 830 | AH250: 830 | AI250: 830 | AJ250: 830 | AK250: 830 | AL250: 830 | AM250: 830 | AN250: 830
A251: Cuba | B251: AUXTECH01 | C251: 2 | D251: 99999 | E251: 99999 | F251: 99999 | G251: 99999 | H251: 99999 | I251: 99999 | J251: 99999 | K251: 99999 | L251: 99999 | M251: 99999 | N251: 99999 | O251: 99999 | P251: 99999 | Q251: 99999 | R251: 99999 | S251: 99999 | T251: 99999 | U251: 99999 | V251: 99999 | W251: 99999 | X251: 99999 | Y251: 99999 | Z251: 99999 | AA251: 99999 | AB251: 99999 | AC251: 99999 | AD251: 99999 | AE251: 99999 | AF251: 99999 | AG251: 99999 | AH251: 99999 | AI251: 99999 | AJ251: 99999 | AK251: 99999 | AL251: 99999 | AM251: 99999 | AN251: 99999
A252: Cuba | B252: AUXTECH02 | C252: 1
A253: Cuba | B253: AUXTECH02 | C253: 2
A254: Cuba | B254: AUXTECH03 | C254: 1
A255: Cuba | B255: AUXTECH03 | C255: 2
A256: Cuba | B256: AUXTECH04 | C256: 1
A257: Cuba | B257: AUXTECH04 | C257: 2
A258: Cuba | B258: AUXTECH05 | C258: 1
A259: Cuba | B259: AUXTECH05 | C259: 2
A260: Cuba | B260: AUXTECH06 | C260: 1
A261: Cuba | B261: AUXTECH06 | C261: 2
A262: Cuba | B262: AUXTECH07 | C262: 1
A263: Cuba | B263: AUXTECH07 | C263: 2
... A269: Cuba | B269: AUXTECH10 | C269: 2

Sheet FC
A1: REGION | B1: TECHNOLOGY | C1: 2019 | D1: 2020 | E1: 2021 | F1: 2022 | G1: 2023 | H1: 2024 | I1: 2025 | J1: 2026 | K1: 2027 | L1: 2028 | M1: 2029 | N1: 2030 | O1: 2031 | P1: 2032 | Q1: 2033 | R1: 2034 | S1: 2035 | T1: 2036 | U1: 2037 | V1: 2038 | W1: 2039 | X1: 2040 | Y1: 2041 | Z1: 2042 | AA1: 2043 | AB1: 2044 | AC1: 2045 | AD1: 2046 | AE1: 2047 | AF1: 2048 | AG1: 2049 | AH1: 2050 | AI1: 2051 | AJ1: 2052 | AK1: 2053 | AL1: 2054 | AM1: 2055
A2: Cuba | B2: IMPCRUDE
A3: Cuba | B3: MINCRUDE
A4: Cuba | B4: IMPHFO01
A5: Cuba | B5: IMPHFO02
A6: Cuba | B6: IMPLFO
A7: Cuba | B7: MINDIESEL
A8: Cuba | B8: IMPDIESEL
A9: Cuba | B9: IMPNG
A10: Cuba | B10: MINNG
A11: Cuba | B11: MINBIO1
A12: Cuba | B12: MINBIO2
A13: Cuba | B13: MINBIO3
... A23: Cuba | B23: MINHYDRO
A24: Cuba | B24: PWRCRUD001 | C24: 21.25 | D24: 21.25 | E24: 21.25 | F24: 21.25 | G24: 21.25 | H24: 21.25 | I24: 21.25 | J24: 21.25 | K24: 21.25 | L24: 21.25 | M24: 21.25 | N24: 21.25 | O24: 21.25 | P24: 21.25 | Q24: 21.25 | R24: 21.25 | S24: 21.25 | T24: 21.25 | U24: 21.25 | V24: 21.25 | W24: 21.25 | X24: 21.25 | Y24: 21.25 | Z24: 21.25 | AA24: 21.25 | AB24: 21.25 | AC24: 21.25 | AD24: 21.25 | AE24: 21.25 | AF24: 21.25 | AG24: 21.25 | AH24: 21.25 | AI24: 21.25 | AJ24: 21.25 | AK24: 21.25 | AL24: 21.25 | AM24: 21.25
A25: Cuba | B25: PWRCRUD002 | C25: 21.25 | D25: 21.25 | E25: 21.25 | F25: 21.25 | G25: 21.25 | H25: 21.25 | I25: 21.25 | J25: 21.25 | K25: 21.25 | L25: 21.25 | M25: 21.25 | N25: 21.25 | O25: 21.25 | P25: 21.25 | Q25: 21.25 | R25: 21.25 | S25: 21.25 | T25: 21.25 | U25: 21.25 | V25: 21.25 | W25: 21.25 | X25: 21.25 | Y25: 21.25 | Z25: 21.25 | AA25: 21.25 | AB25: 21.25 | AC25: 21.25 | AD25: 21.25 | AE25: 21.25 | AF25: 21.25 | AG25: 21.25 | AH25: 21.25 | AI25: 21.25 | AJ25: 21.25 | AK25: 21.25 | AL25: 21.25 | AM25: 21.25
A26: Cuba | B26: PWRCRUD003 | C26: 21.25 | D26: 21.25 | E26: 21.25 | F26: 21.25 | G26: 21.25 | H26: 21.25 | I26: 21.25 | J26: 21.25 | K26: 21.25 | L26: 21.25 | M26: 21.25 | N26: 21.25 | O26: 21.25 | P26: 21.25 | Q26: 21.25 | R26: 21.25 | S26: 21.25 | T26: 21.25 | U26: 21.25 | V26: 21.25 | W26: 21.25 | X26: 21.25 | Y26: 21.25 | Z26: 21.25 | AA26: 21.25 | AB26: 21.25 | AC26: 21.25 | AD26: 21.25 | AE26: 21.25 | AF26: 21.25 | AG26: 21.25 | AH26: 21.25 | AI26: 21.25 | AJ26: 21.25 | AK26: 21.25 | AL26: 21.25 | AM26: 21.25
A27: Cuba | B27: PWRCRUD004 | C27: 21.25 | D27: 21.25 | E27: 21.25 | F27: 21.25 | G27: 21.25 | H27: 21.25 | I27: 21.25 | J27: 21.25 | K27: 21.25 | L27: 21.25 | M27: 21.25 | N27: 21.25 | O27: 21.25 | P27: 21.25 | Q27: 21.25 | R27: 21.25 | S27: 21.25 | T27: 21.25 | U27: 21.25 | V27: 21.25 | W27: 21.25 | X27: 21.25 | Y27: 21.25 | Z27: 21.25 | AA27: 21.25 | AB27: 21.25 | AC27: 21.25 | AD27: 21.25 | AE27: 21.25 | AF27: 21.25 | AG27: 21.25 | AH27: 21.25 | AI27: 21.25 | AJ27: 21.25 | AK27: 21.25 | AL27: 21.25 | AM27: 21.25
A28: Cuba | B28: PWRCRUD008 | C28: 21.25 | D28: 21.25 | E28: 21.25 | F28: 21.25 | G28: 21.25 | H28: 21.25 | I28: 21.25 | J28: 21.25 | K28: 21.25 | L28: 21.25 | M28: 21.25 | N28: 21.25 | O28: 21.25 | P28: 21.25 | Q28: 21.25 | R28: 21.25 | S28: 21.25 | T28: 21.25 | U28: 21.25 | V28: 21.25 | W28: 21.25 | X28: 21.25 | Y28: 21.25 | Z28: 21.25 | AA28: 21.25 | AB28: 21.25 | AC28: 21.25 | AD28: 21.25 | AE28: 21.25 | AF28: 21.25 | AG28: 21.25 | AH28: 21.25 | AI28: 21.25 | AJ28: 21.25 | AK28: 21.25 | AL28: 21.25 | AM28: 21.25
A29: Cuba | B29: PWRCRUD005 | C29: 21.25 | D29: 21.25 | E29: 21.25 | F29: 21.25 | G29: 21.25 | H29: 21.25 | I29: 21.25 | J29: 21.25 | K29: 21.25 | L29: 21.25 | M29: 21.25 | N29: 21.25 | O29: 21.25 | P29: 21.25 | Q29: 21.25 | R29: 21.25 | S29: 21.25 | T29: 21.25 | U29: 21.25 | V29: 21.25 | W29: 21.25 | X29: 21.25 | Y29: 21.25 | Z29: 21.25 | AA29: 21.25 | AB29: 21.25 | AC29: 21.25 | AD29: 21.25 | AE29: 21.25 | AF29: 21.25 | AG29: 21.25 | AH29: 21.25 | AI29: 21.25 | AJ29: 21.25 | AK29: 21.25 | AL29: 21.25 | AM29: 21.25
A30: Cuba | B30: PWRCRUD006 | C30: 21.25 | D30: 21.25 | E30: 21.25 | F30: 21.25 | G30: 21.25 | H30: 21.25 | I30: 21.25 | J30: 21.25 | K30: 21.25 | L30: 21.25 | M30: 21.25 | N30: 21.25 | O30: 21.25 | P30: 21.25 | Q30: 21.25 | R30: 21.25 | S30: 21.25 | T30: 21.25 | U30: 21.25 | V30: 21.25 | W30: 21.25 | X30: 21.25 | Y30: 21.25 | Z30: 21.25 | AA30: 21.25 | AB30: 21.25 | AC30: 21.25 | AD30: 21.25 | AE30: 21.25 | AF30: 21.25 | AG30: 21.25 | AH30: 21.25 | AI30: 21.25 | AJ30: 21.25 | AK30: 21.25 | AL30: 21.25 | AM30: 21.25
A31: Cuba | B31: PWRCRUD007 | C31: 21.25 | D31: 21.25 | E31: 21.25 | F31: 21.25 | G31: 21.25 | H31: 21.25 | I31: 21.25 | J31: 21.25 | K31: 21.25 | L31: 21.25 | M31: 21.25 | N31: 21.25 | O31: 21.25 | P31: 21.25 | Q31: 21.25 | R31: 21.25 | S31: 21.25 | T31: 21.25 | U31: 21.25 | V31: 21.25 | W31: 21.25 | X31: 21.25 | Y31: 21.25 | Z31: 21.25 | AA31: 21.25 | AB31: 21.25 | AC31: 21.25 | AD31: 21.25 | AE31: 21.25 | AF31: 21.25 | AG31: 21.25 | AH31: 21.25 | AI31: 21.25 | AJ31: 21.25 | AK31: 21.25 | AL31: 21.25 | AM31: 21.25
A32: Cuba | B32: PWRCRUD009 | C32: 21.25 | D32: 21.25 | E32: 21.25 | F32: 21.25 | G32: 21.25 | H32: 21.25 | I32: 21.25 | J32: 21.25 | K32: 21.25 | L32: 21.25 | M32: 21.25 | N32: 21.25 | O32: 21.25 | P32: 21.25 | Q32: 21.25 | R32: 21.25 | S32: 21.25 | T32: 21.25 | U32: 21.25 | V32: 21.25 | W32: 21.25 | X32: 21.25 | Y32: 21.25 | Z32: 21.25 | AA32: 21.25 | AB32: 21.25 | AC32: 21.25 | AD32: 21.25 | AE32: 21.25 | AF32: 21.25 | AG32: 21.25 | AH32: 21.25 | AI32: 21.25 | AJ32: 21.25 | AK32: 21.25 | AL32: 21.25 | AM32: 21.25
A33: Cuba | B33: PWRNG01 | C33: 20 | D33: 20 | E33: 20 | F33: 20 | G33: 20 | H33: 20 | I33: 20 | J33: 20 | K33: 20 | L33: 20 | M33: 20 | N33: 20 | O33: 20 | P33: 20 | Q33: 20 | R33: 20 | S33: 20 | T33: 20 | U33: 20 | V33: 20 | W33: 20 | X33: 20 | Y33: 20 | Z33: 20 | AA33: 20 | AB33: 20 | AC33: 20 | AD33: 20 | AE33: 20 | AF33: 20 | AG33: 20 | AH33: 20 | AI33: 20 | AJ33: 20 | AK33: 20 | AL33: 20 | AM33: 20
A34: Cuba | B34: PWRNG02 | C34: 20 | D34: 20 | E34: 20 | F34: 20 | G34: 20 | H34: 20 | I34: 20 | J34: 20 | K34: 20 | L34: 20 | M34: 20 | N34: 20 | O34: 20 | P34: 20 | Q34: 20 | R34: 20 | S34: 20 | T34: 20 | U34: 20 | V34: 20 | W34: 20 | X34: 20 | Y34: 20 | Z34: 20 | AA34: 20 | AB34: 20 | AC34: 20 | AD34: 20 | AE34: 20 | AF34: 20 | AG34: 20 | AH34: 20 | AI34: 20 | AJ34: 20 | AK34: 20 | AL34: 20 | AM34: 20
A35: Cuba | B35: PWRGHFO2 | C35: 160 | D35: 160 | E35: 160 | F35: 160 | G35: 160 | H35: 160 | I35: 160 | J35: 160 | K35: 160 | L35: 160 | M35: 160 | N35: 160 | O35: 160 | P35: 160 | Q35: 160 | R35: 160 | S35: 160 | T35: 160 | U35: 160 | V35: 160 | W35: 160 | X35: 160 | Y35: 160 | Z35: 160 | AA35: 160 | AB35: 160 | AC35: 160 | AD35: 160 | AE35: 160 | AF35: 160 | AG35: 160 | AH35: 160 | AI35: 160 | AJ35: 160 | AK35: 160 | AL35: 160 | AM35: 160
... A38: Cuba | B38: PWRWND001 | C38: 39 | D38: 39 | E38: 39 | F38: 39 | G38: 39 | H38: 39 | I38: 39 | J38: 39 | K38: 39 | L38: 39 | M38: 39 | N38: 39 | O38: 39 | P38: 39 | Q38: 39 | R38: 39 | S38: 39 | T38: 39 | U38: 39 | V38: 39 | W38: 39 | X38: 39 | Y38: 39 | Z38: 39 | AA38: 39 | AB38: 39 | AC38: 39 | AD38: 39 | AE38: 39 | AF38: 39 | AG38: 39 | AH38: 39 | AI38: 39 | AJ38: 39 | AK38: 39 | AL38: 39 | AM38: 39
A39: Cuba | B39: PWRWND002
A40: Cuba | B40: PWRPV01 | C40: 23.3 | D40: 23.3 | E40: 23.3 | F40: 23.3 | G40: 23.3 | H40: 23.3 | I40: 23.3 | J40: 23.3 | K40: 23.3 | L40: 23.3 | M40: 23.3 | N40: 23.3 | O40: 23.3 | P40: 23.3 | Q40: 23.3 | R40: 23.3 | S40: 23.3 | T40: 23.3 | U40: 23.3 | V40: 23.3 | W40: 23.3 | X40: 23.3 | Y40: 23.3 | Z40: 23.3 | AA40: 23.3 | AB40: 23.3 | AC40: 23.3 | AD40: 23.3 | AE40: 23.3 | AF40: 23.3 | AG40: 23.3 | AH40: 23.3 | AI40: 23.3 | AJ40: 23.3 | AK40: 23.3 | AL40: 23.3 | AM40: 23.3
A41: Cuba | B41: PWRPV02 | C41: 20 | D41: 20 | E41: 20 | F41: 20 | G41: 20 | H41: 20 | I41: 20 | J41: 20 | K41: 20 | L41: 20 | M41: 20 | N41: 20 | O41: 20 | P41: 20 | Q41: 20 | R41: 20 | S41: 20 | T41: 20 | U41: 20 | V41: 20 | W41: 20 | X41: 20 | Y41: 20 | Z41: 20 | AA41: 20 | AB41: 20 | AC41: 20 | AD41: 20 | AE41: 20 | AF41: 20 | AG41: 20 | AH41: 20 | AI41: 20 | AJ41: 20 | AK41: 20 | AL41: 20 | AM41: 20
A42: Cuba | B42: PWRPV03
A43: Cuba | B43: PWRCSP | C43: 60 | D43: 60 | E43: 60 | F43: 60 | G43: 60 | H43: 60 | I43: 60 | J43: 60 | K43: 60 | L43: 60 | M43: 60 | N43: 60 | O43: 60 | P43: 60 | Q43: 60 | R43: 60 | S43: 60 | T43: 60 | U43: 60 | V43: 60 | W43: 60 | X43: 60 | Y43: 60 | Z43: 60 | AA43: 60 | AB43: 60 | AC43: 60 | AD43: 60 | AE43: 60 | AF43: 60 | AG43: 60 | AH43: 60 | AI43: 60 | AJ43: 60 | AK43: 60 | AL43: 60 | AM43: 60
A44: Cuba | B44: PWRFO | C44: 10 | D44: 10 | E44: 10 | F44: 10 | G44: 10 | H44: 10 | I44: 10 | J44: 10 | K44: 10 | L44: 10 | M44: 10 | N44: 10 | O44: 10 | P44: 10 | Q44: 10 | R44: 10 | S44: 10 | T44: 10 | U44: 10 | V44: 10 | W44: 10 | X44: 10 | Y44: 10 | Z44: 10 | AA44: 10 | AB44: 10 | AC44: 10 | AD44: 10 | AE44: 10 | AF44: 10 | AG44: 10 | AH44: 10 | AI44: 10 | AJ44: 10 | AK44: 10 | AL44: 10 | AM44: 10
A45: Cuba | B45: PWRDSL | C45: 10 | D45: 10 | E45: 10 | F45: 10 | G45: 10 | H45: 10 | I45: 10 | J45: 10 | K45: 10 | L45: 10 | M45: 10 | N45: 10 | O45: 10 | P45: 10 | Q45: 10 | R45: 10 | S45: 10 | T45: 10 | U45: 10 | V45: 10 | W45: 10 | X45: 10 | Y45: 10 | Z45: 10 | AA45: 10 | AB45: 10 | AC45: 10 | AD45: 10 | AE45: 10 | AF45: 10 | AG45: 10 | AH45: 10 | AI45: 10 | AJ45: 10 | AK45: 10 | AL45: 10 | AM45: 10
A46: Cuba | B46: PWRHYD01 | C46: 18 | D46: 18 | E46: 18 | F46: 18 | G46: 18 | H46: 18 | I46: 18 | J46: 18 | K46: 18 | L46: 18 | M46: 18 | N46: 18 | O46: 18 | P46: 18 | Q46: 18 | R46: 18 | S46: 18 | T46: 18 | U46: 18 | V46: 18 | W46: 18 | X46: 18 | Y46: 18 | Z46: 18 | AA46: 18 | AB46: 18 | AC46: 18 | AD46: 18 | AE46: 18 | AF46: 18 | AG46: 18 | AH46: 18 | AI46: 18 | AJ46: 18 | AK46: 18 | AL46: 18 | AM46: 18
A47: Cuba | B47: PWRHYD02 | C47: 88 | D47: 88 | E47: 88 | F47: 88 | G47: 88 | H47: 88 | I47: 88 | J47: 88 | K47: 88 | L47: 88 | M47: 88 | N47: 88 | O47: 88 | P47: 88 | Q47: 88 | R47: 88 | S47: 88 | T47: 88 | U47: 88 | V47: 88 | W47: 88 | X47: 88 | Y47: 88 | Z47: 88 | AA47: 88 | AB47: 88 | AC47: 88 | AD47: 88 | AE47: 88 | AF47: 88 | AG47: 88 | AH47: 88 | AI47: 88 | AJ47: 88 | AK47: 88 | AL47: 88 | AM47: 88
A48: Cuba | B48: PWRTBATT01 | C48: 5 | D48: 5 | E48: 5 | F48: 5 | G48: 5 | H48: 5 | I48: 5 | J48: 5 | K48: 5 | L48: 5 | M48: 5 | N48: 5 | O48: 5 | P48: 5 | Q48: 5 | R48: 5 | S48: 5 | T48: 5 | U48: 5 | V48: 5 | W48: 5 | X48: 5 | Y48: 5 | Z48: 5 | AA48: 5 | AB48: 5 | AC48: 5 | AD48: 5 | AE48: 5 | AF48: 5 | AG48: 5 | AH48: 5 | AI48: 5 | AJ48: 5 | AK48: 5 | AL48: 5 | AM48: 5
A49: Cuba | B49: PWRTBATT02
A50: Cuba | B50: PWRTBATT03
A51: Cuba | B51: PWRTBATT04
A52: Cuba | B52: TRANSMISSION
A53: Cuba | B53: DISTRIBUTION
A54: Cuba | B54: DEMRESIDEN
A55: Cuba | B55: DEMPRIVATE
A56: Cuba | B56: DEMCOMERC
A57: Cuba | B57: DEMINDUST
A58: Cuba | B58: DEMLIGTH
A59: Cuba | B59: DEMTRAEVC
A60: Cuba | B60: DEMTRACARELC
... A135: Cuba | B135: AUXTECH10

Sheet TTS
A1: REGION | B1: TECHNOLOGY | C1: STORAGE | D1: 1 | E1: 2
A2: Cuba | B2: IMPCRUDE | C2: DAM
A3: Cuba | B3: IMPCRUDE | C3: Batt01
A4: Cuba | B4: IMPCRUDE | C4: Batt02
A5: Cuba | B5: IMPCRUDE | C5: Batt03
A6: Cuba | B6: IMPCRUDE | C6: Batt04
A7: Cuba | B7: IMPCRUDE | C7: Batt05
A8: Cuba | B8: MINCRUDE | C8: DAM
A9: Cuba | B9: MINCRUDE | C9: Batt01
A10: Cuba | B10: MINCRUDE | C10: Batt02
A11: Cuba | B11: MINCRUDE | C11: Batt03
A12: Cuba | B12: MINCRUDE | C12: Batt04
A13: Cuba | B13: MINCRUDE | C13: Batt05
... A265: Cuba | B265: PWRDSL | C265: Batt05
A266: Cuba | B266: PWRHYD01 | C266: DAM | D266: 1
A267: Cuba | B267: PWRHYD01 | C267: Batt01
A268: Cuba | B268: PWRHYD01 | C268: Batt02
A269: Cuba | B269: PWRHYD01 | C269: Batt03
A270: Cuba | B270: PWRHYD01 | C270: Batt04
A271: Cuba | B271: PWRHYD01 | C271: Batt05
A272: Cuba | B272: PWRHYD02 | C272: DAM
A273: Cuba | B273: PWRHYD02 | C273: Batt01
A274: Cuba | B274: PWRHYD02 | C274: Batt02
A275: Cuba | B275: PWRHYD02 | C275: Batt03
A276: Cuba | B276: PWRHYD02 | C276: Batt04
A277: Cuba | B277: PWRHYD02 | C277: Batt05
A278: Cuba | B278: PWRTBATT01 | C278: DAM
A279: Cuba | B279: PWRTBATT01 | C279: Batt01 | D279: 1
A280: Cuba | B280: PWRTBATT01 | C280: Batt02
A281: Cuba | B281: PWRTBATT01 | C281: Batt03
A282: Cuba | B282: PWRTBATT01 | C282: Batt04
A283: Cuba | B283: PWRTBATT01 | C283: Batt05
A284: Cuba | B284: PWRTBATT02 | C284: DAM
A285: Cuba | B285: PWRTBATT02 | C285: Batt01
A286: Cuba | B286: PWRTBATT02 | C286: Batt02
A287: Cuba | B287: PWRTBATT02 | C287: Batt03
A288: Cuba | B288: PWRTBATT02 | C288: Batt04
A289: Cuba | B289: PWRTBATT02 | C289: Batt05
A290: Cuba | B290: PWRTBATT03 | C290: DAM
A291: Cuba | B291: PWRTBATT03 | C291: Batt01
... A805: Cuba | B805: AUXTECH10 | C805: Batt05

Sheet TFS
A1: REGION | B1: TECHNOLOGY | C1: STORAGE | D1: 1 | E1: 2
A2: Cuba | B2: IMPCRUDE | C2: DAM
A3: Cuba | B3: IMPCRUDE | C3: Batt01
A4: Cuba | B4: IMPCRUDE | C4: Batt02
A5: Cuba | B5: IMPCRUDE | C5: Batt03
A6: Cuba | B6: IMPCRUDE | C6: Batt04
A7: Cuba | B7: IMPCRUDE | C7: Batt05
A8: Cuba | B8: MINCRUDE | C8: DAM
A9: Cuba | B9: MINCRUDE | C9: Batt01
A10: Cuba | B10: MINCRUDE | C10: Batt02
A11: Cuba | B11: MINCRUDE | C11: Batt03
A12: Cuba | B12: MINCRUDE | C12: Batt04
A13: Cuba | B13: MINCRUDE | C13: Batt05
... A265: Cuba | B265: PWRDSL | C265: Batt05
A266: Cuba | B266: PWRHYD01 | C266: DAM | E266: 1
A267: Cuba | B267: PWRHYD01 | C267: Batt01
A268: Cuba | B268: PWRHYD01 | C268: Batt02
A269: Cuba | B269: PWRHYD01 | C269: Batt03
A270: Cuba | B270: PWRHYD01 | C270: Batt04
A271: Cuba | B271: PWRHYD01 | C271: Batt05
A272: Cuba | B272: PWRHYD02 | C272: DAM
A273: Cuba | B273: PWRHYD02 | C273: Batt01
A274: Cuba | B274: PWRHYD02 | C274: Batt02
A275: Cuba | B275: PWRHYD02 | C275: Batt03
A276: Cuba | B276: PWRHYD02 | C276: Batt04
A277: Cuba | B277: PWRHYD02 | C277: Batt05
A278: Cuba | B278: PWRTBATT01 | C278: DAM
A279: Cuba | B279: PWRTBATT01 | C279: Batt01 | E279: 1
A280: Cuba | B280: PWRTBATT01 | C280: Batt02
A281: Cuba | B281: PWRTBATT01 | C281: Batt03
A282: Cuba | B282: PWRTBATT01 | C282: Batt04
A283: Cuba | B283: PWRTBATT01 | C283: Batt05
A284: Cuba | B284: PWRTBATT02 | C284: DAM
A285: Cuba | B285: PWRTBATT02 | C285: Batt01
A286: Cuba | B286: PWRTBATT02 | C286: Batt02
A287: Cuba | B287: PWRTBATT02 | C287: Batt03
A288: Cuba | B288: PWRTBATT02 | C288: Batt04
A289: Cuba | B289: PWRTBATT02 | C289: Batt05
A290: Cuba | B290: PWRTBATT03 | C290: DAM
A291: Cuba | B291: PWRTBATT03 | C291: Batt01
... A805: Cuba | B805: AUXTECH10 | C805: Batt05

Sheet StLS
A1: REGION | B1: DAM | C1: Batt01 | D1: Batt02 | E1: Batt03 | F1: Batt04 | G1: Batt05
A2: Cuba

Sheet StMxChR
A1: REGION | B1: DAM | C1: Batt01 | D1: Batt02 | E1: Batt03 | F1: Batt04 | G1: Batt05
A2: Cuba

Sheet StMxDCh
A1: REGION | B1: DAM | C1: Batt01 | D1: Batt02 | E1: Batt03 | F1: Batt04 | G1: Batt05
A2: Cuba

Sheet MinStCh
A1: REGION | B1: STORAGE | C1: 2019 | D1: 2020 | E1: 2021 | F1: 2022 | G1: 2023 | H1: 2024 | I1: 2025 | J1: 2026 | K1: 2027 | L1: 2028 | M1: 2029 | N1: 2030 | O1: 2031 | P1: 2032 | Q1: 2033 | R1: 2034 | S1: 2035 | T1: 2036 | U1: 2037 | V1: 2038 | W1: 2039 | X1: 2040 | Y1: 2041 | Z1: 2042 | AA1: 2043 | AB1: 2044 | AC1: 2045 | AD1: 2046 | AE1: 2047 | AF1: 2048 | AG1: 2049 | AH1: 2050 | AI1: 2051 | AJ1: 2052 | AK1: 2053 | AL1: 2054 | AM1: 2055
A2: Cuba | B2: DAM
A3: Cuba | B3: Batt01
A4: Cuba | B4: Batt02
A5: Cuba | B5: Batt03
A6: Cuba | B6: Batt04
A7: Cuba | B7: Batt05

Sheet OpLiSt
A1: REGION | B1: DAM | C1: Batt01 | D1: Batt02 | E1: Batt03 | F1: Batt04 | G1: Batt05
A2: Cuba | B2: 50 | C2: 10

Sheet CCSt
A1: REGION | B1: STORAGE | C1: 2019 | D1: 2020 | E1: 2021 | F1: 2022 | G1: 2023 | H1: 2024 | I1: 2025 | J1: 2026 | K1: 2027 | L1: 2028 | M1: 2029 | N1: 2030 | O1: 2031 | P1: 2032 | Q1: 2033 | R1: 2034 | S1: 2035 | T1: 2036 | U1: 2037 | V1: 2038 | W1: 2039 | X1: 2040 | Y1: 2041 | Z1: 2042 | AA1: 2043 | AB1: 2044 | AC1: 2045 | AD1: 2046 | AE1: 2047 | AF1: 2048 | AG1: 2049 | AH1: 2050 | AI1: 2051 | AJ1: 2052 | AK1: 2053 | AL1: 2054 | AM1: 2055
A2: Cuba | B2: DAM
A3: Cuba | B3: Batt01 | J3: =150*277.8 -> 41670 | K3: =ROUND((K1-$J$1)/($AM$1-$J$1)*($AM$3-$J$3)+$J$3,0) -> 41191 | L3: =ROUND((L1-$J$1)/($AM$1-$J$1)*($AM$3-$J$3)+$J$3,0) -> 40712 | M3: =ROUND((M1-$J$1)/($AM$1-$J$1)*($AM$3-$J$3)+$J$3,0) -> 40233 | N3: =ROUND((N1-$J$1)/($AM$1-$J$1)*($AM$3-$J$3)+$J$3,0) -> 39754 | O3: =ROUND((O1-$J$1)/($AM$1-$J$1)*($AM$3-$J$3)+$J$3,0) -> 39275 | P3: =ROUND((P1-$J$1)/($AM$1-$J$1)*($AM$3-$J$3)+$J$3,0) -> 38796 | Q3: =ROUND((Q1-$J$1)/($AM$1-$J$1)*($AM$3-$J$3)+$J$3,0) -> 38317 | R3: =ROUND((R1-$J$1)/($AM$1-$J$1)*($AM$3-$J$3)+$J$3,0) -> 37838 | ... AL3: =ROUND((AL1-$J$1)/($AM$1-$J$1)*($AM$3-$J$3)+$J$3,0) -> 28259 | AM3: =100*277.8 -> 27780
A4: Cuba | B4: Batt02
A5: Cuba | B5: Batt03
A6: Cuba | B6: Batt04
A7: Cuba | B7: Batt05

Sheet ReStCap
A1: REGION | B1: STORAGE | C1: 2019 | D1: 2020 | E1: 2021 | F1: 2022 | G1: 2023 | H1: 2024 | I1: 2025 | J1: 2026 | K1: 2027 | L1: 2028 | M1: 2029 | N1: 2030 | O1: 2031 | P1: 2032 | Q1: 2033 | R1: 2034 | S1: 2035 | T1: 2036 | U1: 2037 | V1: 2038 | W1: 2039 | X1: 2040 | Y1: 2041 | Z1: 2042 | AA1: 2043 | AB1: 2044 | AC1: 2045 | AD1: 2046 | AE1: 2047 | AF1: 2048 | AG1: 2049 | AH1: 2050 | AI1: 2051 | AJ1: 2052 | AK1: 2053 | AL1: 2054 | AM1: 2055
A2: Cuba | B2: DAM
A3: Cuba | B3: Batt01
A4: Cuba | B4: Batt02
A5: Cuba | B5: Batt03
A6: Cuba | B6: Batt04
A7: Cuba | B7: Batt05

Sheet C1TU
A1: REGION | B1: TECHNOLOGY | C1: 2019 | D1: 2020 | E1: 2021 | F1: 2022 | G1: 2023 | H1: 2024 | I1: 2025 | J1: 2026 | K1: 2027 | L1: 2028 | M1: 2029 | N1: 2030 | O1: 2031 | P1: 2032 | Q1: 2033 | R1: 2034 | S1: 2035 | T1: 2036 | U1: 2037 | V1: 2038 | W1: 2039 | X1: 2040 | Y1: 2041 | Z1: 2042 | AA1: 2043 | AB1: 2044 | AC1: 2045 | AD1: 2046 | AE1: 2047 | AF1: 2048 | AG1: 2049 | AH1: 2050 | AI1: 2051 | AJ1: 2052 | AK1: 2053 | AL1: 2054 | AM1: 2055
A2: Cuba | B2: IMPCRUDE
A3: Cuba | B3: MINCRUDE
A4: Cuba | B4: IMPHFO01
A5: Cuba | B5: IMPHFO02
A6: Cuba | B6: IMPLFO
A7: Cuba | B7: MINDIESEL
A8: Cuba | B8: IMPDIESEL
A9: Cuba | B9: IMPNG
A10: Cuba | B10: MINNG
A11: Cuba | B11: MINBIO1
A12: Cuba | B12: MINBIO2
A13: Cuba | B13: MINBIO3
... A23: Cuba | B23: MINHYDRO
A24: Cuba | B24: PWRCRUD001 | C24: 0.09 | D24: 0.09 | E24: 0.09 | F24: 0.09 | G24: 0.09 | H24: 0.09
A25: Cuba | B25: PWRCRUD002 | C25: 0.06 | D25: 0.06 | E25: 0.06 | F25: 0.06 | G25: 0.06 | H25: 0.06 | I25: 0.06
A26: Cuba | B26: PWRCRUD003 | C26: 0.1 | D26: 0.1 | E26: 0.1 | F26: 0.1 | G26: 0.1 | H26: 0.1 | I26: 0.1 | J26: 0.1
A27: Cuba | B27: PWRCRUD004 | C27: 0.317 | D27: 0.317 | E27: 0.317 | F27: 0.317 | G27: 0.317 | H27: 0.317 | I27: 0.317 | J27: 0.317 | K27: 0.317
A28: Cuba | B28: PWRCRUD008 | C28: 0.158 | D28: 0.158 | E28: 0.158 | F28: 0.158 | G28: 0.158 | H28: 0.158 | I28: 0.158 | J28: 0.158 | K28: 0.158 | L28: 0.158
A29: Cuba | B29: PWRCRUD005 | C29: 0.12 | D29: 0.12 | E29: 0.12 | F29: 0.12 | G29: 0.12 | H29: 0.12 | I29: 0.12 | J29: 0.12 | K29: 0.12 | L29: 0.12 | M29: 0.12
A30: Cuba | B30: PWRCRUD006 | C30: 0.25 | D30: 0.25 | E30: 0.25 | F30: 0.25 | G30: 0.25 | H30: 0.25 | I30: 0.25 | J30: 0.25 | K30: 0.25 | L30: 0.25 | M30: 0.25 | N30: 0.25
A31: Cuba | B31: PWRCRUD007 | C31: 0.095 | D31: 0.095 | E31: 0.095 | F31: 0.095 | G31: 0.095 | H31: 0.095 | I31: 0.095 | J31: 0.095 | K31: 0.095 | L31: 0.095 | M31: 0.095 | N31: 0.095 | O31: 0.095
A32: Cuba | B32: PWRCRUD009 | C32: 0.2 | D32: 0.2 | E32: 0.2 | F32: 0.2 | G32: 0.2 | H32: 0.2 | I32: 0.2 | J32: 0.2 | K32: 0.2 | L32: 0.2 | M32: 0.2 | N32: 0.2 | O32: 0.2 | P32: 0.2 | Q32: 0.2 | R32: 0.2 | S32: 0.2 | T32: 0.2 | U32: 0.2 | V32: 0.2 | W32: 0.2 | X32: 0.2 | Y32: 0.2 | Z32: 0.2 | AA32: 0.2 | AB32: 0.2 | AC32: 0.2 | AD32: 0.2 | AE32: 0.2 | AF32: 0.2 | AG32: 0.2 | AH32: 0.2 | AI32: 0.2 | AJ32: 0.2 | AK32: 0.2 | AL32: 0.2 | AM32: 0.2
A33: Cuba | B33: PWRNG01
A34: Cuba | B34: PWRNG02
A35: Cuba | B35: PWRGHFO2
A36: Cuba | B36: PWRBIO01
A37: Cuba | B37: PWRBIO02
A38: Cuba | B38: PWRWND001
A39: Cuba | B39: PWRWND002
A40: Cuba | B40: PWRPV01
A41: Cuba | B41: PWRPV02
A42: Cuba | B42: PWRPV03
A43: Cuba | B43: PWRCSP
A44: Cuba | B44: PWRFO
... A135: Cuba | B135: AUXTECH10

Sheet TAMaxC
A1: REGION | B1: TECHNOLOGY | C1: 2019 | D1: 2020 | E1: 2021 | F1: 2022 | G1: 2023 | H1: 2024 | I1: 2025 | J1: 2026 | K1: 2027 | L1: 2028 | M1: 2029 | N1: 2030 | O1: 2031 | P1: 2032 | Q1: 2033 | R1: 2034 | S1: 2035 | T1: 2036 | U1: 2037 | V1: 2038 | W1: 2039 | X1: 2040 | Y1: 2041 | Z1: 2042 | AA1: 2043 | AB1: 2044 | AC1: 2045 | AD1: 2046 | AE1: 2047 | AF1: 2048 | AG1: 2049 | AH1: 2050 | AI1: 2051 | AJ1: 2052 | AK1: 2053 | AL1: 2054 | AM1: 2055
A2: Cuba | B2: IMPCRUDE
A3: Cuba | B3: MINCRUDE
A4: Cuba | B4: IMPHFO01
A5: Cuba | B5: IMPHFO02
A6: Cuba | B6: IMPLFO
A7: Cuba | B7: MINDIESEL
A8: Cuba | B8: IMPDIESEL
A9: Cuba | B9: IMPNG
A10: Cuba | B10: MINNG
A11: Cuba | B11: MINBIO1
A12: Cuba | B12: MINBIO2
A13: Cuba | B13: MINBIO3
... A135: Cuba | B135: AUXTECH10

Sheet TAMinC
A1: REGION | B1: TECHNOLOGY | C1: 2019 | D1: 2020 | E1: 2021 | F1: 2022 | G1: 2023 | H1: 2024 | I1: 2025 | J1: 2026 | K1: 2027 | L1: 2028 | M1: 2029 | N1: 2030 | O1: 2031 | P1: 2032 | Q1: 2033 | R1: 2034 | S1: 2035 | T1: 2036 | U1: 2037 | V1: 2038 | W1: 2039 | X1: 2040 | Y1: 2041 | Z1: 2042 | AA1: 2043 | AB1: 2044 | AC1: 2045 | AD1: 2046 | AE1: 2047 | AF1: 2048 | AG1: 2049 | AH1: 2050 | AI1: 2051 | AJ1: 2052 | AK1: 2053 | AL1: 2054 | AM1: 2055
A2: Cuba | B2: IMPCRUDE
A3: Cuba | B3: MINCRUDE
A4: Cuba | B4: IMPHFO01
A5: Cuba | B5: IMPHFO02
A6: Cuba | B6: IMPLFO
A7: Cuba | B7: MINDIESEL
A8: Cuba | B8: IMPDIESEL
A9: Cuba | B9: IMPNG
A10: Cuba | B10: MINNG
A11: Cuba | B11: MINBIO1
A12: Cuba | B12: MINBIO2
A13: Cuba | B13: MINBIO3
... A135: Cuba | B135: AUXTECH10

Sheet TAMaxCI
A1: REGION | B1: TECHNOLOGY | C1: 2019 | D1: 2020 | E1: 2021 | F1: 2022 | G1: 2023 | H1: 2024 | I1: 2025 | J1: 2026 | K1: 2027 | L1: 2028 | M1: 2029 | N1: 2030 | O1: 2031 | P1: 2032 | Q1: 2033 | R1: 2034 | S1: 2035 | T1: 2036 | U1: 2037 | V1: 2038 | W1: 2039 | X1: 2040 | Y1: 2041 | Z1: 2042 | AA1: 2043 | AB1: 2044 | AC1: 2045 | AD1: 2046 | AE1: 2047 | AF1: 2048 | AG1: 2049 | AH1: 2050 | AI1: 2051 | AJ1: 2052 | AK1: 2053 | AL1: 2054 | AM1: 2055
A2: Cuba | B2: IMPCRUDE
A3: Cuba | B3: MINCRUDE
A4: Cuba | B4: IMPHFO01
A5: Cuba | B5: IMPHFO02
A6: Cuba | B6: IMPLFO
A7: Cuba | B7: MINDIESEL
A8: Cuba | B8: IMPDIESEL
A9: Cuba | B9: IMPNG
A10: Cuba | B10: MINNG
A11: Cuba | B11: MINBIO1
A12: Cuba | B12: MINBIO2
A13: Cuba | B13: MINBIO3
... A23: Cuba | B23: MINHYDRO
A24: Cuba | B24: PWRCRUD001 | C24: 0 | D24: 0 | E24: 0 | F24: 0 | G24: 0 | H24: 0 | I24: 0 | J24: 0 | K24: 0 | L24: 0 | M24: 0 | N24: 0 | O24: 0 | P24: 0 | Q24: 0 | R24: 0 | S24: 0 | T24: 0 | U24: 0 | V24: 0 | W24: 0 | X24: 0 | Y24: 0 | Z24: 0 | AA24: 0 | AB24: 0 | AC24: 0 | AD24: 0 | AE24: 0 | AF24: 0 | AG24: 0 | AH24: 0 | AI24: 0 | AJ24: 0 | AK24: 0 | AL24: 0 | AM24: 0
A25: Cuba | B25: PWRCRUD002 | C25: 0 | D25: 0 | E25: 0 | F25: 0 | G25: 0 | H25: 0 | I25: 0 | J25: 0 | K25: 0 | L25: 0 | M25: 0 | N25: 0 | O25: 0 | P25: 0 | Q25: 0 | R25: 0 | S25: 0 | T25: 0 | U25: 0 | V25: 0 | W25: 0 | X25: 0 | Y25: 0 | Z25: 0 | AA25: 0 | AB25: 0 | AC25: 0 | AD25: 0 | AE25: 0 | AF25: 0 | AG25: 0 | AH25: 0 | AI25: 0 | AJ25: 0 | AK25: 0 | AL25: 0 | AM25: 0
A26: Cuba | B26: PWRCRUD003 | C26: 0 | D26: 0 | E26: 0 | F26: 0 | G26: 0 | H26: 0 | I26: 0 | J26: 0 | K26: 0 | L26: 0 | M26: 0 | N26: 0 | O26: 0 | P26: 0 | Q26: 0 | R26: 0 | S26: 0 | T26: 0 | U26: 0 | V26: 0 | W26: 0 | X26: 0 | Y26: 0 | Z26: 0 | AA26: 0 | AB26: 0 | AC26: 0 | AD26: 0 | AE26: 0 | AF26: 0 | AG26: 0 | AH26: 0 | AI26: 0 | AJ26: 0 | AK26: 0 | AL26: 0 | AM26: 0
A27: Cuba | B27: PWRCRUD004 | C27: 0 | D27: 0 | E27: 0 | F27: 0 | G27: 0 | H27: 0 | I27: 0 | J27: 0 | K27: 0 | L27: 0 | M27: 0 | N27: 0 | O27: 0 | P27: 0 | Q27: 0 | R27: 0 | S27: 0 | T27: 0 | U27: 0 | V27: 0 | W27: 0 | X27: 0 | Y27: 0 | Z27: 0 | AA27: 0 | AB27: 0 | AC27: 0 | AD27: 0 | AE27: 0 | AF27: 0 | AG27: 0 | AH27: 0 | AI27: 0 | AJ27: 0 | AK27: 0 | AL27: 0 | AM27: 0
A28: Cuba | B28: PWRCRUD008 | C28: 0 | D28: 0 | E28: 0 | F28: 0 | G28: 0 | H28: 0 | I28: 0 | J28: 0 | K28: 0 | L28: 0 | M28: 0 | N28: 0 | O28: 0 | P28: 0 | Q28: 0 | R28: 0 | S28: 0 | T28: 0 | U28: 0 | V28: 0 | W28: 0 | X28: 0 | Y28: 0 | Z28: 0 | AA28: 0 | AB28: 0 | AC28: 0 | AD28: 0 | AE28: 0 | AF28: 0 | AG28: 0 | AH28: 0 | AI28: 0 | AJ28: 0 | AK28: 0 | AL28: 0 | AM28: 0
A29: Cuba | B29: PWRCRUD005 | C29: 0 | D29: 0 | E29: 0 | F29: 0 | G29: 0 | H29: 0 | I29: 0 | J29: 0 | K29: 0 | L29: 0 | M29: 0 | N29: 0 | O29: 0 | P29: 0 | Q29: 0 | R29: 0 | S29: 0 | T29: 0 | U29: 0 | V29: 0 | W29: 0 | X29: 0 | Y29: 0 | Z29: 0 | AA29: 0 | AB29: 0 | AC29: 0 | AD29: 0 | AE29: 0 | AF29: 0 | AG29: 0 | AH29: 0 | AI29: 0 | AJ29: 0 | AK29: 0 | AL29: 0 | AM29: 0
A30: Cuba | B30: PWRCRUD006 | C30: 0 | D30: 0 | E30: 0 | F30: 0 | G30: 0 | H30: 0 | I30: 0 | J30: 0 | K30: 0 | L30: 0 | M30: 0 | N30: 0 | O30: 0 | P30: 0 | Q30: 0 | R30: 0 | S30: 0 | T30: 0 | U30: 0 | V30: 0 | W30: 0 | X30: 0 | Y30: 0 | Z30: 0 | AA30: 0 | AB30: 0 | AC30: 0 | AD30: 0 | AE30: 0 | AF30: 0 | AG30: 0 | AH30: 0 | AI30: 0 | AJ30: 0 | AK30: 0 | AL30: 0 | AM30: 0
A31: Cuba | B31: PWRCRUD007 | C31: 0 | D31: 0 | E31: 0 | F31: 0 | G31: 0 | H31: 0 | I31: 0 | J31: 0 | K31: 0 | L31: 0 | M31: 0 | N31: 0 | O31: 0 | P31: 0 | Q31: 0 | R31: 0 | S31: 0 | T31: 0 | U31: 0 | V31: 0 | W31: 0 | X31: 0 | Y31: 0 | Z31: 0 | AA31: 0 | AB31: 0 | AC31: 0 | AD31: 0 | AE31: 0 | AF31: 0 | AG31: 0 | AH31: 0 | AI31: 0 | AJ31: 0 | AK31: 0 | AL31: 0 | AM31: 0
A32: Cuba | B32: PWRCRUD009 | C32: 0 | D32: 0 | E32: 0 | F32: 0 | G32: 0 | H32: 0 | I32: 0 | J32: 0 | K32: 0 | L32: 0.2 | M32: 0.2 | N32: 0.2 | O32: 0.2 | P32: 0.2 | Q32: 0.2 | R32: 0.2 | S32: 0.2 | T32: 0.2 | U32: 0.2 | V32: 0.2 | W32: 0.2 | X32: 0.2 | Y32: 0.2 | Z32: 0.2 | AA32: 0.2 | AB32: 0.2 | AC32: 0.2 | AD32: 0.2 | AE32: 0.2 | AF32: 0.2 | AG32: 0.2 | AH32: 0.2 | AI32: 0.2 | AJ32: 0.2 | AK32: 0.2 | AL32: 0.2 | AM32: 0.2
A33: Cuba | B33: PWRNG01 | C33: 0 | D33: 0 | E33: 0 | F33: 0 | G33: 0 | H33: 0 | I33: 0 | J33: 0
A34: Cuba | B34: PWRNG02 | C34: 0 | D34: 0 | E34: 0 | F34: 0 | G34: 0 | H34: 0 | I34: 0 | J34: 0
A35: Cuba | B35: PWRGHFO2 | C35: 0 | D35: 0 | E35: 0 | F35: 0 | G35: 0 | H35: 0 | I35: 0 | J35: 0 | K35: 0 | L35: 0 | M35: 0 | N35: 0 | O35: 0 | P35: 0 | Q35: 0 | R35: 0 | S35: 0 | T35: 0 | U35: 0 | V35: 0 | W35: 0 | X35: 0 | Y35: 0 | Z35: 0 | AA35: 0 | AB35: 0 | AC35: 0 | AD35: 0 | AE35: 0 | AF35: 0 | AG35: 0 | AH35: 0 | AI35: 0 | AJ35: 0 | AK35: 0 | AL35: 0 | AM35: 0
A36: Cuba | B36: PWRBIO01 | C36: 0 | D36: 0 | E36: 0 | F36: 0 | G36: 0 | H36: 0 | I36: 0 | J36: 0 | K36: 0.05 | L36: 0.05 | M36: 0.05 | N36: 0.05 | O36: 0.05 | P36: 0.05 | Q36: 0.05 | R36: 0.05 | S36: 0.05 | T36: 0.05 | U36: 0.05 | V36: 0.05 | W36: 0.05 | X36: 0.05 | Y36: 0.05 | Z36: 0.05 | AA36: 0.05 | AB36: 0.05 | AC36: 0.05 | AD36: 0.05 | AE36: 0.05 | AF36: 0.05 | AG36: 0.05 | AH36: 0.05 | AI36: 0.05 | AJ36: 0.05 | AK36: 0.05 | AL36: 0.05 | AM36: 0.05
A37: Cuba | B37: PWRBIO02 | C37: 0 | D37: 0 | E37: 0 | F37: 0 | G37: 0 | H37: 0 | I37: 0 | J37: 0 | K37: 0 | L37: 0 | M37: 0 | N37: 0 | O37: 0 | P37: 0 | Q37: 0 | R37: 0 | S37: 0 | T37: 0 | U37: 0 | V37: 0 | W37: 0 | X37: 0 | Y37: 0 | Z37: 0 | AA37: 0 | AB37: 0 | AC37: 0 | AD37: 0 | AE37: 0 | AF37: 0 | AG37: 0 | AH37: 0 | AI37: 0 | AJ37: 0 | AK37: 0 | AL37: 0 | AM37: 0
A38: Cuba | B38: PWRWND001 | C38: 0 | D38: 0 | E38: 0 | F38: 0 | G38: 0 | H38: 0 | I38: 0 | J38: 0.05 | K38: 0.05 | L38: 0.05 | M38: 0.05 | N38: 0.05 | O38: 0.1 | P38: 0.15 | Q38: 0.2 | R38: 0.2 | S38: 0.2 | T38: 0.2 | U38: 0.2 | V38: 0.2 | W38: 0.2 | X38: 0.2 | Y38: 0.2 | Z38: 0.2 | AA38: 0.2 | AB38: 0.2 | AC38: 0.2 | AD38: 0.2 | AE38: 0.2 | AF38: 0.2 | AG38: 0.2 | AH38: 0.2 | AI38: 0.2 | AJ38: 0.2 | AK38: 0.2 | AL38: 0.2 | AM38: 0.2
A39: Cuba | B39: PWRWND002 | C39: 0 | D39: 0 | E39: 0 | F39: 0 | G39: 0 | H39: 0
A40: Cuba | B40: PWRPV01 | C40: 0 | D40: 0 | E40: 0 | F40: 0 | G40: 0 | H40: 0 | I40: 1 | J40: 1 | K40: 1 | L40: 0.5 | M40: 0.5 | N40: 0.5 | O40: 0.5 | P40: 0.5 | Q40: 0.5 | R40: 0.5 | S40: 0.5 | T40: 0.5 | U40: 0.5 | V40: 0.5 | W40: 0.5 | X40: 0.5 | Y40: 0.5 | Z40: 0.5 | AA40: 0.5 | AB40: 0.5 | AC40: 0.5 | AD40: 0.5 | AE40: 0.5 | AF40: 0.5 | AG40: 0.5 | AH40: 0.5 | AI40: 0.5 | AJ40: 0.5 | AK40: 0.5 | AL40: 0.5 | AM40: 0.5
A41: Cuba | B41: PWRPV02 | C41: 0 | D41: 0 | E41: 0 | F41: 0 | G41: 0 | H41: 0
A42: Cuba | B42: PWRPV03 | C42: 0 | D42: 0 | E42: 0 | F42: 0 | G42: 0 | H42: 0
A43: Cuba | B43: PWRCSP | C43: 0 | D43: 0 | E43: 0 | F43: 0 | G43: 0 | H43: 0 | I43: 0 | J43: 0 | K43: 0
A44: Cuba | B44: PWRFO | C44: 0 | D44: 0 | E44: 0 | F44: 0 | G44: 0 | H44: 0 | I44: 0 | J44: 0.1 | K44: 0.1 | L44: 0.1 | M44: 0.1 | N44: 0.1 | O44: 0.1 | P44: 0.1 | Q44: 0.1 | R44: 0.1 | S44: 0.1 | T44: 0.1 | U44: 0.1 | V44: 0.1 | W44: 0.1 | X44: 0.1 | Y44: 0.1 | Z44: 0.1 | AA44: 0.1 | AB44: 0.1 | AC44: 0.1 | AD44: 0.1 | AE44: 0.1 | AF44: 0.1 | AG44: 0.1 | AH44: 0.1 | AI44: 0.1 | AJ44: 0.1 | AK44: 0.1 | AL44: 0.1 | AM44: 0.1
A45: Cuba | B45: PWRDSL | C45: 0 | D45: 0 | E45: 0 | F45: 0 | G45: 0 | H45: 0 | I45: 0 | J45: 0.15 | K45: 0.15 | L45: 0.15 | M45: 0.15 | N45: 0.15 | O45: 0.15 | P45: 0.15 | Q45: 0.15 | R45: 0.15 | S45: 0.15 | T45: 0.15 | U45: 0.15 | V45: 0.15 | W45: 0.15 | X45: 0.15 | Y45: 0.15 | Z45: 0.15 | AA45: 0.15 | AB45: 0.15 | AC45: 0.15 | AD45: 0.15 | AE45: 0.15 | AF45: 0.15 | AG45: 0.15 | AH45: 0.15 | AI45: 0.15 | AJ45: 0.15 | AK45: 0.15 | AL45: 0.15 | AM45: 0.15
A46: Cuba | B46: PWRHYD01 | C46: 0 | D46: 0 | E46: 0 | F46: 0 | G46: 0 | H46: 0
A47: Cuba | B47: PWRHYD02 | C47: 0 | D47: 0 | E47: 0 | F47: 0 | G47: 0 | H47: 0
A48: Cuba | B48: PWRTBATT01 | C48: 0 | D48: 0 | E48: 0 | F48: 0 | G48: 0 | H48: 0
A49: Cuba | B49: PWRTBATT02
A50: Cuba | B50: PWRTBATT03
A51: Cuba | B51: PWRTBATT04
A52: Cuba | B52: TRANSMISSION
A53: Cuba | B53: DISTRIBUTION
A54: Cuba | B54: DEMRESIDEN
A55: Cuba | B55: DEMPRIVATE
A56: Cuba | B56: DEMCOMERC
A57: Cuba | B57: DEMINDUST
A58: Cuba | B58: DEMLIGTH
A59: Cuba | B59: DEMTRAEVC
A60: Cuba | B60: DEMTRACARELC
... A110: Cuba | B110: IMPORT03
A111: Cuba | B111: VOLL_TECH | C111: 0 | D111: 0 | E111: 0 | F111: 0 | G111: 0 | H111: 0 | I111: 0 | J111: 0 | K111: 0 | L111: 0 | M111: 0 | N111: 0 | O111: 0 | P111: 0 | Q111: 0 | R111: 0 | S111: 0 | T111: 0 | U111: 0 | V111: 0 | W111: 0 | X111: 0 | Y111: 0 | Z111: 0 | AA111: 0 | AB111: 0 | AC111: 0 | AD111: 0 | AE111: 0 | AF111: 0 | AG111: 0 | AH111: 0
A112: Cuba | B112: BSTOP02 | C112: 0 | D112: 0 | E112: 0 | F112: 0 | G112: 0 | H112: 0 | I112: 0 | J112: 0 | K112: 0 | L112: 0 | M112: 0 | N112: 0 | O112: 0 | P112: 0 | Q112: 0 | R112: 0 | S112: 0 | T112: 0 | U112: 0 | V112: 0 | W112: 0 | X112: 0 | Y112: 0 | Z112: 0 | AA112: 0 | AB112: 0 | AC112: 0 | AD112: 0 | AE112: 0 | AF112: 0 | AG112: 0 | AH112: 0
A113: Cuba | B113: BSTOP03 | C113: 0 | D113: 0 | E113: 0 | F113: 0 | G113: 0 | H113: 0 | I113: 0 | J113: 0 | K113: 0 | L113: 0 | M113: 0 | N113: 0 | O113: 0 | P113: 0 | Q113: 0 | R113: 0 | S113: 0 | T113: 0 | U113: 0 | V113: 0 | W113: 0 | X113: 0 | Y113: 0 | Z113: 0 | AA113: 0 | AB113: 0 | AC113: 0 | AD113: 0 | AE113: 0 | AF113: 0 | AG113: 0 | AH113: 0
A114: Cuba | B114: BSTOP04
A115: Cuba | B115: BSTOP05
A116: Cuba | B116: BSTOP06
A117: Cuba | B117: BSTOP07
A118: Cuba | B118: BSTOP08
A119: Cuba | B119: BSTOP09
A120: Cuba | B120: BSTOP10
A121: Cuba | B121: BSTOP11
A122: Cuba | B122: BSTOP12
A123: Cuba | B123: BSTOP13
A124: Cuba | B124: BSTOP14
A125: Cuba | B125: BSTOP15
... A135: Cuba | B135: AUXTECH10

Sheet TAMinCI
A1: REGION | B1: TECHNOLOGY | C1: 2019 | D1: 2020 | E1: 2021 | F1: 2022 | G1: 2023 | H1: 2024 | I1: 2025 | J1: 2026 | K1: 2027 | L1: 2028 | M1: 2029 | N1: 2030 | O1: 2031 | P1: 2032 | Q1: 2033 | R1: 2034 | S1: 2035 | T1: 2036 | U1: 2037 | V1: 2038 | W1: 2039 | X1: 2040 | Y1: 2041 | Z1: 2042 | AA1: 2043 | AB1: 2044 | AC1: 2045 | AD1: 2046 | AE1: 2047 | AF1: 2048 | AG1: 2049 | AH1: 2050 | AI1: 2051 | AJ1: 2052 | AK1: 2053 | AL1: 2054 | AM1: 2055
A2: Cuba | B2: IMPCRUDE
A3: Cuba | B3: MINCRUDE
A4: Cuba | B4: IMPHFO01
A5: Cuba | B5: IMPHFO02
A6: Cuba | B6: IMPLFO
A7: Cuba | B7: MINDIESEL
A8: Cuba | B8: IMPDIESEL
A9: Cuba | B9: IMPNG
A10: Cuba | B10: MINNG
A11: Cuba | B11: MINBIO1
A12: Cuba | B12: MINBIO2
A13: Cuba | B13: MINBIO3
... A135: Cuba | B135: AUXTECH10

Sheet TTAAUL
A1: REGION | B1: TECHNOLOGY | C1: 2019 | D1: 2020 | E1: 2021 | F1: 2022 | G1: 2023 | H1: 2024 | I1: 2025 | J1: 2026 | K1: 2027 | L1: 2028 | M1: 2029 | N1: 2030 | O1: 2031 | P1: 2032 | Q1: 2033 | R1: 2034 | S1: 2035 | T1: 2036 | U1: 2037 | V1: 2038 | W1: 2039 | X1: 2040 | Y1: 2041 | Z1: 2042 | AA1: 2043 | AB1: 2044 | AC1: 2045 | AD1: 2046 | AE1: 2047 | AF1: 2048 | AG1: 2049 | AH1: 2050 | AI1: 2051 | AJ1: 2052 | AK1: 2053 | AL1: 2054 | AM1: 2055
A2: Cuba | B2: IMPCRUDE | C2: 26 | D2: 26.464 | E2: 22.364 | F2: =E2 -> 22.364 | G2: =F2 -> 22.364 | H2: =G2 -> 22.364 | I2: 100 | J2: 100 | K2: 100 | L2: 100 | M2: 100 | N2: 120 | O2: 120 | P2: 120 | Q2: 120 | R2: 120 | S2: 120 | T2: 120 | U2: 120 | V2: 120 | W2: 120 | X2: 120 | Y2: 120 | Z2: 120 | AA2: 120 | AB2: 120 | AC2: 120 | AD2: 120 | AE2: 120 | AF2: 120 | AG2: 120 | AH2: 120 | AI2: 120 | AJ2: 120 | AK2: 120 | AL2: 120 | AM2: 120
A3: Cuba | B3: MINCRUDE | C3: 87 | D3: 91 | E3: 85.4 | F3: 87.3 | G3: 68.5 | H3: 84 | I3: =D3 -> 91 | J3: =I3 -> 91 | K3: =J3 -> 91 | L3: =K3 -> 91 | M3: =L3 -> 91 | N3: =M3 -> 91 | O3: =N3 -> 91 | P3: =O3 -> 91 | Q3: =P3 -> 91 | ... AM3: =AL3 -> 91
A4: Cuba | B4: IMPHFO01 | C4: 0 | D4: 0 | E4: 0 | F4: 0 | G4: 0 | H4: 0 | I4: 0 | J4: 0 | K4: 0 | L4: 0 | M4: 0 | N4: 0 | O4: 0 | P4: 0 | Q4: 0 | R4: 0 | S4: 0 | T4: 0 | U4: 0 | V4: 0 | W4: 0 | X4: 0 | Y4: 0 | Z4: 0 | AA4: 0 | AB4: 0 | AC4: 0 | AD4: 0 | AE4: 0 | AF4: 0 | AG4: 0 | AH4: 0 | AI4: 0 | AJ4: 0 | AK4: 0 | AL4: 0 | AM4: 0
A5: Cuba | B5: IMPHFO02
A6: Cuba | B6: IMPLFO | C6: 56.2 | D6: 48.6 | E6: 38 | F6: 15 | G6: 13 | H6: 10 | I6: 10 | J6: 10 | K6: 10 | L6: 20 | M6: 30 | N6: 40 | O6: 56.2 | P6: 56.2 | Q6: 56.2 | R6: 56.2 | S6: 56.2 | T6: 56.2 | U6: 56.2 | V6: 56.2 | W6: 56.2 | X6: 56.2 | Y6: 56.2 | Z6: 56.2 | AA6: 56.2 | AB6: 56.2 | AC6: 56.2 | AD6: 56.2 | AE6: 56.2 | AF6: 56.2 | AG6: 56.2 | AH6: 56.2 | AI6: 56.2 | AJ6: 56.2 | AK6: 56.2 | AL6: 56.2 | AM6: 56.2
A7: Cuba | B7: MINDIESEL | C7: 28 | D7: 19 | E7: 13 | F7: 13 | G7: 11 | H7: 9 | I7: 9 | J7: 9 | K7: 9 | L7: =K7*2 -> 18 | M7: 25 | N7: 28 | O7: 28 | P7: 28 | Q7: 28 | R7: 28 | S7: 28 | T7: 28 | U7: 28 | V7: 28 | W7: 28 | X7: 28 | Y7: 28 | Z7: 28 | AA7: 28 | AB7: 28 | AC7: 28 | AD7: 28 | AE7: 28 | AF7: 28 | AG7: 28 | AH7: 28 | AI7: 28 | AJ7: 28 | AK7: 28 | AL7: 28 | AM7: 28
A8: Cuba | B8: IMPDIESEL | C8: 0 | D8: 0 | E8: 0 | F8: 0 | G8: 0 | H8: 0 | I8: 0 | J8: 0 | K8: 0 | L8: 0 | M8: 0 | N8: 0 | O8: 0 | P8: 0 | Q8: 0 | R8: 0 | S8: 0 | T8: 0 | U8: 0 | V8: 0 | W8: 0 | X8: 0 | Y8: 0 | Z8: 0 | AA8: 0 | AB8: 0 | AC8: 0 | AD8: 0 | AE8: 0 | AF8: 0 | AG8: 0 | AH8: 0 | AI8: 0 | AJ8: 0 | AK8: 0 | AL8: 0 | AM8: 0
A9: Cuba | B9: IMPNG
A10: Cuba | B10: MINNG | C10: 17.672 | D10: 17.672 | E10: 17.672 | F10: 17.672 | G10: 17.672 | H10: 17.672 | I10: 17.672 | J10: 17.672 | K10: 17.672 | L10: 17.672 | M10: 17.672 | N10: 17.672 | O10: 17.672 | P10: 17.672 | Q10: 17.672 | R10: 17.672 | S10: 17.672 | T10: 17.672 | U10: 17.672 | V10: 17.672 | W10: 17.672 | X10: 17.672 | Y10: 17.672 | Z10: 17.672 | AA10: 17.672 | AB10: 17.672 | AC10: 17.672 | AD10: 17.672 | AE10: 17.672 | AF10: 17.672 | AG10: 17.672 | AH10: 17.672 | AI10: 17.672 | AJ10: 17.672 | AK10: 17.672 | AL10: 17.672 | AM10: 17.672
A11: Cuba | B11: MINBIO1
A12: Cuba | B12: MINBIO2
A13: Cuba | B13: MINBIO3
A14: Cuba | B14: MINBIO4
A15: Cuba | B15: IMPBIO
A16: Cuba | B16: MINKEROSEN
A17: Cuba | B17: IMPKEROSEN
A18: Cuba | B18: MINALCOHOL
A19: Cuba | B19: MINGASOLINE
A20: Cuba | B20: IMPGASOLINE
A21: Cuba | B21: MINSOL
A22: Cuba | B22: MINWIND
... A37: Cuba | B37: PWRBIO02
A38: Cuba | B38: PWRWND001 | C38: 54 | D38: 54 | E38: 54 | F38: 54 | G38: 54 | H38: 54 | I38: 54 | J38: 54 | K38: 54 | L38: 54 | M38: 54 | N38: 54 | O38: 54 | P38: 54 | Q38: 54 | R38: 54 | S38: 54 | T38: 54 | U38: 54 | V38: 54 | W38: 54 | X38: 54 | Y38: 54 | Z38: 54 | AA38: 54 | AB38: 54 | AC38: 54 | AD38: 54 | AE38: 54 | AF38: 54 | AG38: 54 | AH38: 54 | AI38: 54 | AJ38: 54 | AK38: 54 | AL38: 54 | AM38: 54
A39: Cuba | B39: PWRWND002
A40: Cuba | B40: PWRPV01
A41: Cuba | B41: PWRPV02
A42: Cuba | B42: PWRPV03
A43: Cuba | B43: PWRCSP
A44: Cuba | B44: PWRFO
A45: Cuba | B45: PWRDSL
A46: Cuba | B46: PWRHYD01
A47: Cuba | B47: PWRHYD02 | C47: 1.56 | D47: 1.56 | E47: 1.56 | F47: 1.56 | G47: 1.56 | H47: 1.56 | I47: 1.56 | J47: 1.56 | K47: 1.56 | L47: 1.56 | M47: 1.56 | N47: 1.56 | O47: 1.56 | P47: 1.56 | Q47: 1.56 | R47: 1.56 | S47: 1.56 | T47: 1.56 | U47: 1.56 | V47: 1.56 | W47: 1.56 | X47: 1.56 | Y47: 1.56 | Z47: 1.56 | AA47: 1.56 | AB47: 1.56 | AC47: 1.56 | AD47: 1.56 | AE47: 1.56 | AF47: 1.56 | AG47: 1.56 | AH47: 1.56 | AI47: 1.56 | AJ47: 1.56 | AK47: 1.56 | AL47: 1.56 | AM47: 1.56
A48: Cuba | B48: PWRTBATT01
A49: Cuba | B49: PWRTBATT02
A50: Cuba | B50: PWRTBATT03
A51: Cuba | B51: PWRTBATT04
A52: Cuba | B52: TRANSMISSION
A53: Cuba | B53: DISTRIBUTION
A54: Cuba | B54: DEMRESIDEN
A55: Cuba | B55: DEMPRIVATE
A56: Cuba | B56: DEMCOMERC
A57: Cuba | B57: DEMINDUST
A58: Cuba | B58: DEMLIGTH
A59: Cuba | B59: DEMTRAEVC
... A135: Cuba | B135: AUXTECH10

Sheet TTAALL
A1: REGION | B1: TECHNOLOGY | C1: 2019 | D1: 2020 | E1: 2021 | F1: 2022 | G1: 2023 | H1: 2024 | I1: 2025 | J1: 2026 | K1: 2027 | L1: 2028 | M1: 2029 | N1: 2030 | O1: 2031 | P1: 2032 | Q1: 2033 | R1: 2034 | S1: 2035 | T1: 2036 | U1: 2037 | V1: 2038 | W1: 2039 | X1: 2040 | Y1: 2041 | Z1: 2042 | AA1: 2043 | AB1: 2044 | AC1: 2045 | AD1: 2046 | AE1: 2047 | AF1: 2048 | AG1: 2049 | AH1: 2050 | AI1: 2051 | AJ1: 2052 | AK1: 2053 | AL1: 2054 | AM1: 2055
A2: Cuba | B2: IMPCRUDE
A3: Cuba | B3: MINCRUDE
A4: Cuba | B4: IMPHFO01
A5: Cuba | B5: IMPHFO02
A6: Cuba | B6: IMPLFO
A7: Cuba | B7: MINDIESEL
A8: Cuba | B8: IMPDIESEL
A9: Cuba | B9: IMPNG
A10: Cuba | B10: MINNG
A11: Cuba | B11: MINBIO1
A12: Cuba | B12: MINBIO2
A13: Cuba | B13: MINBIO3
... A135: Cuba | B135: AUXTECH10

Sheet TTMPAUL
A1: REGION | B1: IMPCRUDE | C1: MINCRUDE | D1: IMPHFO01 | E1: IMPHFO02 | F1: IMPLFO | G1: MINDIESEL | H1: IMPDIESEL | I1: IMPNG | J1: MINNG | K1: MINBIO1 | L1: MINBIO2 | M1: MINBIO3 | N1: MINBIO4 | O1: IMPBIO | P1: MINKEROSEN | Q1: IMPKEROSEN | R1: MINALCOHOL | S1: MINGASOLINE | T1: IMPGASOLINE | U1: MINSOL | V1: MINWIND | W1: MINHYDRO | X1: PWRCRUD001 | Y1: PWRCRUD002 | Z1: PWRCRUD003 | AA1: PWRCRUD004 | AB1: PWRCRUD008 | AC1: PWRCRUD005 | AD1: PWRCRUD006 | AE1: PWRCRUD007 | AF1: PWRCRUD009 | AG1: PWRNG01 | AH1: PWRNG02 | AI1: PWRGHFO2 | AJ1: PWRBIO01 | AK1: PWRBIO02 | AL1: PWRWND001 | AM1: PWRWND002 | AN1: PWRPV01 | AO1: PWRPV02 | AP1: PWRPV03 | AQ1: PWRCSP | AR1: PWRFO | AS1: PWRDSL | AT1: PWRHYD01 | AU1: PWRHYD02 | AV1: PWRTBATT01 | AW1: PWRTBATT02 | AX1: PWRTBATT03 | AY1: PWRTBATT04 | AZ1: TRANSMISSION | BA1: DISTRIBUTION | BB1: DEMRESIDEN | BC1: DEMPRIVATE | BD1: DEMCOMERC | BE1: DEMINDUST | BF1: DEMLIGTH | BG1: DEMTRAEVC | BH1: DEMTRACARELC | BI1: DEMTRAMCYELC | BJ1: DEMTRABUSELC | BK1: DEMTRACARGSL | BL1: DEMTRAMCYGSL | BM1: DEMTRABUSGSL | BN1: DEMTRABUSDSL | BO1: DEMTRAFREGHTCARELC | BP1: DEMTRAFREGHTCARDSL | BQ1: DEMTRACAR | BR1: DEMTRAMCY | BS1: DEMTRAAUX01 | BT1: DEMTRAAUX02 | BU1: DEMTRAAUX03 | BV1: DEMTRAAUX04 | BW1: RESIDENEFFGO | BX1: RESIDENEFFDP | BY1: DEMRESCKNBIO | BZ1: DEMRESCKNELC | CA1: DEMRESCKNNG | CB1: DEMRESCKNKS | CC1: DEMRESCKNALC | CD1: DEMRESCOOL | CE1: DEMRESAUX01 | CF1: DEMRESAUX02 | CG1: DEMRESAUX03 | CH1: DEMRESAUX04 | CI1: DEMCOMERCEFFGO | CJ1: DEMCOMERCEFFDP | CK1: DEMCOMERCHEBIO | CL1: DEMCOMERCHEEL | CM1: DEMCOMERCHEOIL | CN1: DEMCOMERCAUX01 | CO1: DEMCOMERCAUX02 | CP1: DEMCOMERCAUX03 | CQ1: DEMINDUSTEFFGO | CR1: DEMINDUSTEFFDP | CS1: DEMINDUSTHEBIO | CT1: DEMINDUSTHEEL | CU1: DEMINDUSTHEOIL | CV1: DEMINDUSTHENG | CW1: DEMINDUSTAUX01 | CX1: DEMINDUSTAUX02 | CY1: DEMINDUSTAUX03 | CZ1: GASLIQUED | DA1: EXPORT01 | DB1: EXPORT02 | DC1: EXPORT03 | DD1: IMPORT01 | DE1: IMPORT02 | DF1: IMPORT03 | DG1: VOLL_TECH | DH1: BSTOP02 | DI1: BSTOP03 | DJ1: BSTOP04 | DK1: BSTOP05 | DL1: BSTOP06 | DM1: BSTOP07 | DN1: BSTOP08 | DO1: BSTOP09 | DP1: BSTOP10 | DQ1: BSTOP11 | DR1: BSTOP12 | DS1: BSTOP13 | DT1: BSTOP14 | DU1: BSTOP15 | DV1: AUXTECH01 | DW1: AUXTECH02 | DX1: AUXTECH03 | DY1: AUXTECH04 | DZ1: AUXTECH05 | EA1: AUXTECH06 | EB1: AUXTECH07 | EC1: AUXTECH08 | ED1: AUXTECH09 | EE1: AUXTECH10
A2: Cuba

Sheet TTMPALL
A1: REGION | B1: IMPCRUDE | C1: MINCRUDE | D1: IMPHFO01 | E1: IMPHFO02 | F1: IMPLFO | G1: MINDIESEL | H1: IMPDIESEL | I1: IMPNG | J1: MINNG | K1: MINBIO1 | L1: MINBIO2 | M1: MINBIO3 | N1: MINBIO4 | O1: IMPBIO | P1: MINKEROSEN | Q1: IMPKEROSEN | R1: MINALCOHOL | S1: MINGASOLINE | T1: IMPGASOLINE | U1: MINSOL | V1: MINWIND | W1: MINHYDRO | X1: PWRCRUD001 | Y1: PWRCRUD002 | Z1: PWRCRUD003 | AA1: PWRCRUD004 | AB1: PWRCRUD008 | AC1: PWRCRUD005 | AD1: PWRCRUD006 | AE1: PWRCRUD007 | AF1: PWRCRUD009 | AG1: PWRNG01 | AH1: PWRNG02 | AI1: PWRGHFO2 | AJ1: PWRBIO01 | AK1: PWRBIO02 | AL1: PWRWND001 | AM1: PWRWND002 | AN1: PWRPV01 | AO1: PWRPV02 | AP1: PWRPV03 | AQ1: PWRCSP | AR1: PWRFO | AS1: PWRDSL | AT1: PWRHYD01 | AU1: PWRHYD02 | AV1: PWRTBATT01 | AW1: PWRTBATT02 | AX1: PWRTBATT03 | AY1: PWRTBATT04 | AZ1: TRANSMISSION | BA1: DISTRIBUTION | BB1: DEMRESIDEN | BC1: DEMPRIVATE | BD1: DEMCOMERC | BE1: DEMINDUST | BF1: DEMLIGTH | BG1: DEMTRAEVC | BH1: DEMTRACARELC | BI1: DEMTRAMCYELC | BJ1: DEMTRABUSELC | BK1: DEMTRACARGSL | BL1: DEMTRAMCYGSL | BM1: DEMTRABUSGSL | BN1: DEMTRABUSDSL | BO1: DEMTRAFREGHTCARELC | BP1: DEMTRAFREGHTCARDSL | BQ1: DEMTRACAR | BR1: DEMTRAMCY | BS1: DEMTRAAUX01 | BT1: DEMTRAAUX02 | BU1: DEMTRAAUX03 | BV1: DEMTRAAUX04 | BW1: RESIDENEFFGO | BX1: RESIDENEFFDP | BY1: DEMRESCKNBIO | BZ1: DEMRESCKNELC | CA1: DEMRESCKNNG | CB1: DEMRESCKNKS | CC1: DEMRESCKNALC | CD1: DEMRESCOOL | CE1: DEMRESAUX01 | CF1: DEMRESAUX02 | CG1: DEMRESAUX03 | CH1: DEMRESAUX04 | CI1: DEMCOMERCEFFGO | CJ1: DEMCOMERCEFFDP | CK1: DEMCOMERCHEBIO | CL1: DEMCOMERCHEEL | CM1: DEMCOMERCHEOIL | CN1: DEMCOMERCAUX01 | CO1: DEMCOMERCAUX02 | CP1: DEMCOMERCAUX03 | CQ1: DEMINDUSTEFFGO | CR1: DEMINDUSTEFFDP | CS1: DEMINDUSTHEBIO | CT1: DEMINDUSTHEEL | CU1: DEMINDUSTHEOIL | CV1: DEMINDUSTHENG | CW1: DEMINDUSTAUX01 | CX1: DEMINDUSTAUX02 | CY1: DEMINDUSTAUX03 | CZ1: GASLIQUED | DA1: EXPORT01 | DB1: EXPORT02 | DC1: EXPORT03 | DD1: IMPORT01 | DE1: IMPORT02 | DF1: IMPORT03 | DG1: VOLL_TECH | DH1: BSTOP02 | DI1: BSTOP03 | DJ1: BSTOP04 | DK1: BSTOP05 | DL1: BSTOP06 | DM1: BSTOP07 | DN1: BSTOP08 | DO1: BSTOP09 | DP1: BSTOP10 | DQ1: BSTOP11 | DR1: BSTOP12 | DS1: BSTOP13 | DT1: BSTOP14 | DU1: BSTOP15 | DV1: AUXTECH01 | DW1: AUXTECH02 | DX1: AUXTECH03 | DY1: AUXTECH04 | DZ1: AUXTECH05 | EA1: AUXTECH06 | EB1: AUXTECH07 | EC1: AUXTECH08 | ED1: AUXTECH09 | EE1: AUXTECH10
A2: Cuba

Sheet RMTT
A1: REGION | B1: TECHNOLOGY | C1: 2019 | D1: 2020 | E1: 2021 | F1: 2022 | G1: 2023 | H1: 2024 | I1: 2025 | J1: 2026 | K1: 2027 | L1: 2028 | M1: 2029 | N1: 2030 | O1: 2031 | P1: 2032 | Q1: 2033 | R1: 2034 | S1: 2035 | T1: 2036 | U1: 2037 | V1: 2038 | W1: 2039 | X1: 2040 | Y1: 2041 | Z1: 2042 | AA1: 2043 | AB1: 2044 | AC1: 2045 | AD1: 2046 | AE1: 2047 | AF1: 2048 | AG1: 2049 | AH1: 2050 | AI1: 2051 | AJ1: 2052 | AK1: 2053 | AL1: 2054 | AM1: 2055
A2: Cuba | B2: IMPCRUDE
A3: Cuba | B3: MINCRUDE
A4: Cuba | B4: IMPHFO01
A5: Cuba | B5: IMPHFO02
A6: Cuba | B6: IMPLFO
A7: Cuba | B7: MINDIESEL
A8: Cuba | B8: IMPDIESEL
A9: Cuba | B9: IMPNG
A10: Cuba | B10: MINNG
A11: Cuba | B11: MINBIO1
A12: Cuba | B12: MINBIO2
A13: Cuba | B13: MINBIO3
... A135: Cuba | B135: AUXTECH10

Sheet RMTF
A1: REGION | B1: FUEL | C1: 2019 | D1: 2020 | E1: 2021 | F1: 2022 | G1: 2023 | H1: 2024 | I1: 2025 | J1: 2026 | K1: 2027 | L1: 2028 | M1: 2029 | N1: 2030 | O1: 2031 | P1: 2032 | Q1: 2033 | R1: 2034 | S1: 2035 | T1: 2036 | U1: 2037 | V1: 2038 | W1: 2039 | X1: 2040 | Y1: 2041 | Z1: 2042 | AA1: 2043 | AB1: 2044 | AC1: 2045 | AD1: 2046 | AE1: 2047 | AF1: 2048 | AG1: 2049 | AH1: 2050 | AI1: 2051 | AJ1: 2052 | AK1: 2053 | AL1: 2054 | AM1: 2055
A2: Cuba | B2: CRUD
A3: Cuba | B3: HFO01
A4: Cuba | B4: HFO02
A5: Cuba | B5: LFO
A6: Cuba | B6: DSL
A7: Cuba | B7: NG
A8: Cuba | B8: BIO01
A9: Cuba | B9: BIO02
A10: Cuba | B10: BIO03
A11: Cuba | B11: BIO04
A12: Cuba | B12: GASOLINE
A13: Cuba | B13: KEROSENE
... A54: Cuba | B54: AUXFUEL12

Sheet RM
A1: REGION | B1: 2019 | C1: 2020 | D1: 2021 | E1: 2022 | F1: 2023 | G1: 2024 | H1: 2025 | I1: 2026 | J1: 2027 | K1: 2028 | L1: 2029 | M1: 2030 | N1: 2031 | O1: 2032 | P1: 2033 | Q1: 2034 | R1: 2035 | S1: 2036 | T1: 2037 | U1: 2038 | V1: 2039 | W1: 2040 | X1: 2041 | Y1: 2042 | Z1: 2043 | AA1: 2044 | AB1: 2045 | AC1: 2046 | AD1: 2047 | AE1: 2048 | AF1: 2049 | AG1: 2050 | AH1: 2051 | AI1: 2052 | AJ1: 2053 | AK1: 2054 | AL1: 2055
A2: Cuba

Sheet ReTagT
A1: REGION | B1: TECHNOLOGY | C1: 2019 | D1: 2020 | E1: 2021 | F1: 2022 | G1: 2023 | H1: 2024 | I1: 2025 | J1: 2026 | K1: 2027 | L1: 2028 | M1: 2029 | N1: 2030 | O1: 2031 | P1: 2032 | Q1: 2033 | R1: 2034 | S1: 2035 | T1: 2036 | U1: 2037 | V1: 2038 | W1: 2039 | X1: 2040 | Y1: 2041 | Z1: 2042 | AA1: 2043 | AB1: 2044 | AC1: 2045 | AD1: 2046 | AE1: 2047 | AF1: 2048 | AG1: 2049 | AH1: 2050 | AI1: 2051 | AJ1: 2052 | AK1: 2053 | AL1: 2054 | AM1: 2055
A2: Cuba | B2: IMPCRUDE
A3: Cuba | B3: MINCRUDE
A4: Cuba | B4: IMPHFO01
A5: Cuba | B5: IMPHFO02
A6: Cuba | B6: IMPLFO
A7: Cuba | B7: MINDIESEL
A8: Cuba | B8: IMPDIESEL
A9: Cuba | B9: IMPNG
A10: Cuba | B10: MINNG
A11: Cuba | B11: MINBIO1
A12: Cuba | B12: MINBIO2
A13: Cuba | B13: MINBIO3
... A135: Cuba | B135: AUXTECH10

Sheet ReTagF
A1: REGION | B1: FUEL | C1: 2019 | D1: 2020 | E1: 2021 | F1: 2022 | G1: 2023 | H1: 2024 | I1: 2025 | J1: 2026 | K1: 2027 | L1: 2028 | M1: 2029 | N1: 2030 | O1: 2031 | P1: 2032 | Q1: 2033 | R1: 2034 | S1: 2035 | T1: 2036 | U1: 2037 | V1: 2038 | W1: 2039 | X1: 2040 | Y1: 2041 | Z1: 2042 | AA1: 2043 | AB1: 2044 | AC1: 2045 | AD1: 2046 | AE1: 2047 | AF1: 2048 | AG1: 2049 | AH1: 2050 | AI1: 2051 | AJ1: 2052 | AK1: 2053 | AL1: 2054 | AM1: 2055
A2: Cuba | B2: CRUD
A3: Cuba | B3: HFO01
A4: Cuba | B4: HFO02
A5: Cuba | B5: LFO
A6: Cuba | B6: DSL
A7: Cuba | B7: NG
A8: Cuba | B8: BIO01
A9: Cuba | B9: BIO02
A10: Cuba | B10: BIO03
A11: Cuba | B11: BIO04
A12: Cuba | B12: GASOLINE
A13: Cuba | B13: KEROSENE
... A54: Cuba | B54: AUXFUEL12

Sheet REMinPT
A1: REGION | B1: 2019 | C1: 2020 | D1: 2021 | E1: 2022 | F1: 2023 | G1: 2024 | H1: 2025 | I1: 2026 | J1: 2027 | K1: 2028 | L1: 2029 | M1: 2030 | N1: 2031 | O1: 2032 | P1: 2033 | Q1: 2034 | R1: 2035 | S1: 2036 | T1: 2037 | U1: 2038 | V1: 2039 | W1: 2040 | X1: 2041 | Y1: 2042 | Z1: 2043 | AA1: 2044 | AB1: 2045 | AC1: 2046 | AD1: 2047 | AE1: 2048 | AF1: 2049 | AG1: 2050 | AH1: 2051 | AI1: 2052 | AJ1: 2053 | AK1: 2054 | AL1: 2055
A2: Cuba

Sheet EmAR
A1: REGION | B1: TECHNOLOGY | C1: EMISSION | D1: MODE_OF_OPERATION | E1: 2019 | F1: 2020 | G1: 2021 | H1: 2022 | I1: 2023 | J1: 2024 | K1: 2025 | L1: 2026 | M1: 2027 | N1: 2028 | O1: 2029 | P1: 2030 | Q1: 2031 | R1: 2032 | S1: 2033 | T1: 2034 | U1: 2035 | V1: 2036 | W1: 2037 | X1: 2038 | Y1: 2039 | Z1: 2040 | AA1: 2041 | AB1: 2042 | AC1: 2043 | AD1: 2044 | AE1: 2045 | AF1: 2046 | AG1: 2047 | AH1: 2048 | AI1: 2049 | AJ1: 2050 | AK1: 2051 | AL1: 2052 | AM1: 2053 | AN1: 2054 | AO1: 2055
A2: Cuba | B2: IMPCRUDE | C2: CO2 | D2: 1 | E2: 0.073 | F2: 0.073 | G2: 0.073 | H2: 0.073 | I2: 0.073 | J2: 0.073 | K2: 0.073 | L2: 0.073 | M2: 0.073 | N2: 0.073 | O2: 0.073 | P2: 0.073 | Q2: 0.073 | R2: 0.073 | S2: 0.073 | T2: 0.073 | U2: 0.073 | V2: 0.073 | W2: 0.073 | X2: 0.073 | Y2: 0.073 | Z2: 0.073 | AA2: 0.073 | AB2: 0.073 | AC2: 0.073 | AD2: 0.073 | AE2: 0.073 | AF2: 0.073 | AG2: 0.073 | AH2: 0.073 | AI2: 0.073 | AJ2: 0.073 | AK2: 0.073 | AL2: 0.073 | AM2: 0.073 | AN2: 0.073 | AO2: 0.073
A3: Cuba | B3: IMPCRUDE | C3: CO2 | D3: 2
A4: Cuba | B4: IMPCRUDE | C4: Nox | D4: 1
A5: Cuba | B5: IMPCRUDE | C5: Nox | D5: 2
A6: Cuba | B6: IMPCRUDE | C6: CH4 | D6: 1
A7: Cuba | B7: IMPCRUDE | C7: CH4 | D7: 2
A8: Cuba | B8: MINCRUDE | C8: CO2 | D8: 1 | E8: 0.085 | F8: 0.085 | G8: 0.085 | H8: 0.085 | I8: 0.085 | J8: 0.085 | K8: 0.085 | L8: 0.085 | M8: 0.085 | N8: 0.085 | O8: 0.085 | P8: 0.085 | Q8: 0.085 | R8: 0.085 | S8: 0.085 | T8: 0.085 | U8: 0.085 | V8: 0.085 | W8: 0.085 | X8: 0.085 | Y8: 0.085 | Z8: 0.085 | AA8: 0.085 | AB8: 0.085 | AC8: 0.085 | AD8: 0.085 | AE8: 0.085 | AF8: 0.085 | AG8: 0.085 | AH8: 0.085 | AI8: 0.085 | AJ8: 0.085 | AK8: 0.085 | AL8: 0.085 | AM8: 0.085 | AN8: 0.085 | AO8: 0.085
A9: Cuba | B9: MINCRUDE | C9: CO2 | D9: 2
A10: Cuba | B10: MINCRUDE | C10: Nox | D10: 1
A11: Cuba | B11: MINCRUDE | C11: Nox | D11: 2
A12: Cuba | B12: MINCRUDE | C12: CH4 | D12: 1
A13: Cuba | B13: MINCRUDE | C13: CH4 | D13: 2
A14: Cuba | B14: IMPHFO01 | C14: CO2 | D14: 1 | E14: 0.0774 | F14: 0.0774 | G14: 0.0774 | H14: 0.0774 | I14: 0.0774 | J14: 0.0774 | K14: 0.0774 | L14: 0.0774 | M14: 0.0774 | N14: 0.0774 | O14: 0.0774 | P14: 0.0774 | Q14: 0.0774 | R14: 0.0774 | S14: 0.0774 | T14: 0.0774 | U14: 0.0774 | V14: 0.0774 | W14: 0.0774 | X14: 0.0774 | Y14: 0.0774 | Z14: 0.0774 | AA14: 0.0774 | AB14: 0.0774 | AC14: 0.0774 | AD14: 0.0774 | AE14: 0.0774 | AF14: 0.0774 | AG14: 0.0774 | AH14: 0.0774 | AI14: 0.0774 | AJ14: 0.0774 | AK14: 0.0774 | AL14: 0.0774 | AM14: 0.0774 | AN14: 0.0774 | AO14: 0.0774
A15: Cuba | B15: IMPHFO01 | C15: CO2 | D15: 2 | E15: 0.0774 | F15: 0.0774 | G15: 0.0774 | H15: 0.0774 | I15: 0.0774 | J15: 0.0774 | K15: 0.0774 | L15: 0.0774 | M15: 0.0774 | N15: 0.0774 | O15: 0.0774 | P15: 0.0774 | Q15: 0.0774 | R15: 0.0774 | S15: 0.0774 | T15: 0.0774 | U15: 0.0774 | V15: 0.0774 | W15: 0.0774 | X15: 0.0774 | Y15: 0.0774 | Z15: 0.0774 | AA15: 0.0774 | AB15: 0.0774 | AC15: 0.0774 | AD15: 0.0774 | AE15: 0.0774 | AF15: 0.0774 | AG15: 0.0774 | AH15: 0.0774 | AI15: 0.0774 | AJ15: 0.0774 | AK15: 0.0774 | AL15: 0.0774 | AM15: 0.0774 | AN15: 0.0774 | AO15: 0.0774
A16: Cuba | B16: IMPHFO01 | C16: Nox | D16: 1
A17: Cuba | B17: IMPHFO01 | C17: Nox | D17: 2
A18: Cuba | B18: IMPHFO01 | C18: CH4 | D18: 1
A19: Cuba | B19: IMPHFO01 | C19: CH4 | D19: 2
A20: Cuba | B20: IMPHFO02 | C20: CO2 | D20: 1 | E20: 0.0774 | F20: 0.0774 | G20: 0.0774 | H20: 0.0774 | I20: 0.0774 | J20: 0.0774 | K20: 0.0774 | L20: 0.0774 | M20: 0.0774 | N20: 0.0774 | O20: 0.0774 | P20: 0.0774 | Q20: 0.0774 | R20: 0.0774 | S20: 0.0774 | T20: 0.0774 | U20: 0.0774 | V20: 0.0774 | W20: 0.0774 | X20: 0.0774 | Y20: 0.0774 | Z20: 0.0774 | AA20: 0.0774 | AB20: 0.0774 | AC20: 0.0774 | AD20: 0.0774 | AE20: 0.0774 | AF20: 0.0774 | AG20: 0.0774 | AH20: 0.0774 | AI20: 0.0774 | AJ20: 0.0774 | AK20: 0.0774 | AL20: 0.0774 | AM20: 0.0774 | AN20: 0.0774 | AO20: 0.0774
A21: Cuba | B21: IMPHFO02 | C21: CO2 | D21: 2
A22: Cuba | B22: IMPHFO02 | C22: Nox | D22: 1
A23: Cuba | B23: IMPHFO02 | C23: Nox | D23: 2
A24: Cuba | B24: IMPHFO02 | C24: CH4 | D24: 1
A25: Cuba | B25: IMPHFO02 | C25: CH4 | D25: 2
A26: Cuba | B26: IMPLFO | C26: CO2 | D26: 1 | E26: 0.05 | F26: 0.05 | G26: 0.05 | H26: 0.05 | I26: 0.05 | J26: 0.05 | K26: 0.05 | L26: 0.05 | M26: 0.05 | N26: 0.05 | O26: 0.05 | P26: 0.05 | Q26: 0.05 | R26: 0.05 | S26: 0.05 | T26: 0.05 | U26: 0.05 | V26: 0.05 | W26: 0.05 | X26: 0.05 | Y26: 0.05 | Z26: 0.05 | AA26: 0.05 | AB26: 0.05 | AC26: 0.05 | AD26: 0.05 | AE26: 0.05 | AF26: 0.05 | AG26: 0.05 | AH26: 0.05 | AI26: 0.05 | AJ26: 0.05 | AK26: 0.05 | AL26: 0.05 | AM26: 0.05 | AN26: 0.05 | AO26: 0.05
A27: Cuba | B27: IMPLFO | C27: CO2 | D27: 2
A28: Cuba | B28: IMPLFO | C28: Nox | D28: 1
A29: Cuba | B29: IMPLFO | C29: Nox | D29: 2
A30: Cuba | B30: IMPLFO | C30: CH4 | D30: 1
A31: Cuba | B31: IMPLFO | C31: CH4 | D31: 2
A32: Cuba | B32: MINDIESEL | C32: CO2 | D32: 1 | E32: 0.065 | F32: 0.065 | G32: 0.065 | H32: 0.065 | I32: 0.065 | J32: 0.065 | K32: 0.065 | L32: 0.065 | M32: 0.065 | N32: 0.065 | O32: 0.065 | P32: 0.065 | Q32: 0.065 | R32: 0.065 | S32: 0.065 | T32: 0.065 | U32: 0.065 | V32: 0.065 | W32: 0.065 | X32: 0.065 | Y32: 0.065 | Z32: 0.065 | AA32: 0.065 | AB32: 0.065 | AC32: 0.065 | AD32: 0.065 | AE32: 0.065 | AF32: 0.065 | AG32: 0.065 | AH32: 0.065 | AI32: 0.065 | AJ32: 0.065 | AK32: 0.065 | AL32: 0.065 | AM32: 0.065 | AN32: 0.065 | AO32: 0.065
A33: Cuba | B33: MINDIESEL | C33: CO2 | D33: 2
A34: Cuba | B34: MINDIESEL | C34: Nox | D34: 1
A35: Cuba | B35: MINDIESEL | C35: Nox | D35: 2
A36: Cuba | B36: MINDIESEL | C36: CH4 | D36: 1
A37: Cuba | B37: MINDIESEL | C37: CH4 | D37: 2
A38: Cuba | B38: IMPDIESEL | C38: CO2 | D38: 1 | E38: 0.065 | F38: 0.065 | G38: 0.065 | H38: 0.065 | I38: 0.065 | J38: 0.065 | K38: 0.065 | L38: 0.065 | M38: 0.065 | N38: 0.065 | O38: 0.065 | P38: 0.065 | Q38: 0.065 | R38: 0.065 | S38: 0.065 | T38: 0.065 | U38: 0.065 | V38: 0.065 | W38: 0.065 | X38: 0.065 | Y38: 0.065 | Z38: 0.065 | AA38: 0.065 | AB38: 0.065 | AC38: 0.065 | AD38: 0.065 | AE38: 0.065 | AF38: 0.065 | AG38: 0.065 | AH38: 0.065 | AI38: 0.065 | AJ38: 0.065 | AK38: 0.065 | AL38: 0.065 | AM38: 0.065 | AN38: 0.065 | AO38: 0.065
A39: Cuba | B39: IMPDIESEL | C39: CO2 | D39: 2
A40: Cuba | B40: IMPDIESEL | C40: Nox | D40: 1
A41: Cuba | B41: IMPDIESEL | C41: Nox | D41: 2
A42: Cuba | B42: IMPDIESEL | C42: CH4 | D42: 1
A43: Cuba | B43: IMPDIESEL | C43: CH4 | D43: 2
A44: Cuba | B44: IMPNG | C44: CO2 | D44: 1 | E44: 0.056 | F44: 0.056 | G44: 0.056 | H44: 0.056 | I44: 0.056 | J44: 0.056 | K44: 0.056 | L44: 0.056 | M44: 0.056 | N44: 0.056 | O44: 0.056 | P44: 0.056 | Q44: 0.056 | R44: 0.056 | S44: 0.056 | T44: 0.056 | U44: 0.056 | V44: 0.056 | W44: 0.056 | X44: 0.056 | Y44: 0.056 | Z44: 0.056 | AA44: 0.056 | AB44: 0.056 | AC44: 0.056 | AD44: 0.056 | AE44: 0.056 | AF44: 0.056 | AG44: 0.056 | AH44: 0.056 | AI44: 0.056 | AJ44: 0.056 | AK44: 0.056 | AL44: 0.056 | AM44: 0.056 | AN44: 0.056 | AO44: 0.056
A45: Cuba | B45: IMPNG | C45: CO2 | D45: 2
A46: Cuba | B46: IMPNG | C46: Nox | D46: 1
A47: Cuba | B47: IMPNG | C47: Nox | D47: 2
A48: Cuba | B48: IMPNG | C48: CH4 | D48: 1
A49: Cuba | B49: IMPNG | C49: CH4 | D49: 2
A50: Cuba | B50: MINNG | C50: CO2 | D50: 1 | E50: 0.056 | F50: 0.056 | G50: 0.056 | H50: 0.056 | I50: 0.056 | J50: 0.056 | K50: 0.056 | L50: 0.056 | M50: 0.056 | N50: 0.056 | O50: 0.056 | P50: 0.056 | Q50: 0.056 | R50: 0.056 | S50: 0.056 | T50: 0.056 | U50: 0.056 | V50: 0.056 | W50: 0.056 | X50: 0.056 | Y50: 0.056 | Z50: 0.056 | AA50: 0.056 | AB50: 0.056 | AC50: 0.056 | AD50: 0.056 | AE50: 0.056 | AF50: 0.056 | AG50: 0.056 | AH50: 0.056 | AI50: 0.056 | AJ50: 0.056 | AK50: 0.056 | AL50: 0.056 | AM50: 0.056 | AN50: 0.056 | AO50: 0.056
A51: Cuba | B51: MINNG | C51: CO2 | D51: 2
A52: Cuba | B52: MINNG | C52: Nox | D52: 1
A53: Cuba | B53: MINNG | C53: Nox | D53: 2
A54: Cuba | B54: MINNG | C54: CH4 | D54: 1
A55: Cuba | B55: MINNG | C55: CH4 | D55: 2
A56: Cuba | B56: MINBIO1 | C56: CO2 | D56: 1
A57: Cuba | B57: MINBIO1 | C57: CO2 | D57: 2
A58: Cuba | B58: MINBIO1 | C58: Nox | D58: 1
A59: Cuba | B59: MINBIO1 | C59: Nox | D59: 2
A60: Cuba | B60: MINBIO1 | C60: CH4 | D60: 1
A61: Cuba | B61: MINBIO1 | C61: CH4 | D61: 2
A62: Cuba | B62: MINBIO2 | C62: CO2 | D62: 1
... A805: Cuba | B805: AUXTECH10 | C805: CH4 | D805: 2

Sheet EmP
A1: REGION | B1: EMISSION | C1: 2019 | D1: 2020 | E1: 2021 | F1: 2022 | G1: 2023 | H1: 2024 | I1: 2025 | J1: 2026 | K1: 2027 | L1: 2028 | M1: 2029 | N1: 2030 | O1: 2031 | P1: 2032 | Q1: 2033 | R1: 2034 | S1: 2035 | T1: 2036 | U1: 2037 | V1: 2038 | W1: 2039 | X1: 2040 | Y1: 2041 | Z1: 2042 | AA1: 2043 | AB1: 2044 | AC1: 2045 | AD1: 2046 | AE1: 2047 | AF1: 2048 | AG1: 2049 | AH1: 2050 | AI1: 2051 | AJ1: 2052 | AK1: 2053 | AL1: 2054 | AM1: 2055
A2: Cuba | B2: CO2
A3: Cuba | B3: Nox
A4: Cuba | B4: CH4

Sheet AExEm
A1: REGION | B1: EMISSION | C1: 2019 | D1: 2020 | E1: 2021 | F1: 2022 | G1: 2023 | H1: 2024 | I1: 2025 | J1: 2026 | K1: 2027 | L1: 2028 | M1: 2029 | N1: 2030 | O1: 2031 | P1: 2032 | Q1: 2033 | R1: 2034 | S1: 2035 | T1: 2036 | U1: 2037 | V1: 2038 | W1: 2039 | X1: 2040 | Y1: 2041 | Z1: 2042 | AA1: 2043 | AB1: 2044 | AC1: 2045 | AD1: 2046 | AE1: 2047 | AF1: 2048 | AG1: 2049 | AH1: 2050 | AI1: 2051 | AJ1: 2052 | AK1: 2053 | AL1: 2054 | AM1: 2055
A2: Cuba | B2: CO2
A3: Cuba | B3: Nox
A4: Cuba | B4: CH4

Sheet AEmLim
A1: REGION | B1: EMISSION | C1: 2019 | D1: 2020 | E1: 2021 | F1: 2022 | G1: 2023 | H1: 2024 | I1: 2025 | J1: 2026 | K1: 2027 | L1: 2028 | M1: 2029 | N1: 2030 | O1: 2031 | P1: 2032 | Q1: 2033 | R1: 2034 | S1: 2035 | T1: 2036 | U1: 2037 | V1: 2038 | W1: 2039 | X1: 2040 | Y1: 2041 | Z1: 2042 | AA1: 2043 | AB1: 2044 | AC1: 2045 | AD1: 2046 | AE1: 2047 | AF1: 2048 | AG1: 2049 | AH1: 2050 | AI1: 2051 | AJ1: 2052 | AK1: 2053 | AL1: 2054 | AM1: 2055
A2: Cuba | B2: CO2
A3: Cuba | B3: Nox
A4: Cuba | B4: CH4

Sheet MPEmLim
A1: REGION | B1: CO2 | C1: Nox | D1: CH4
A2: Cuba

Sheet MPExEm
A1: REGION | B1: CO2 | C1: Nox | D1: CH4
A2: Cuba

Sheet LLS
A1: TIMESLICE | B1: 1 | C1: 2 | D1: 3 | E1: 4
A2: 111 | B2: 1
A3: 112 | B3: 1
A4: 113 | B4: 1
A5: 114 | B5: 1
A6: 115 | B6: 1
A7: 116 | B7: 1
A8: 117 | B8: 1
A9: 118 | B9: 1
A10: 121 | B10: 1
A11: 122 | B11: 1
A12: 123 | B12: 1
A13: 124 | B13: 1
... A17: 128 | B17: 1
A18: 211 | C18: 1
A19: 212 | C19: 1
A20: 213 | C20: 1
A21: 214 | C21: 1
A22: 215 | C22: 1
A23: 216 | C23: 1
A24: 217 | C24: 1
A25: 218 | C25: 1
A26: 221 | C26: 1
A27: 222 | C27: 1
A28: 223 | C28: 1
A29: 224 | C29: 1
... A33: 228 | C33: 1
A34: 311 | D34: 1
A35: 312 | D35: 1
A36: 313 | D36: 1
A37: 314 | D37: 1
A38: 315 | D38: 1
A39: 316 | D39: 1
A40: 317 | D40: 1
A41: 318 | D41: 1
A42: 321 | D42: 1
A43: 322 | D43: 1
A44: 323 | D44: 1
A45: 324 | D45: 1
... A49: 328 | D49: 1
A50: 411 | E50: 1
A51: 412 | E51: 1
A52: 413 | E52: 1
A53: 414 | E53: 1
A54: 415 | E54: 1
A55: 416 | E55: 1
A56: 417 | E56: 1
A57: 418 | E57: 1
A58: 421 | E58: 1
A59: 422 | E59: 1
A60: 423 | E60: 1
A61: 424 | E61: 1
... A65: 428 | E65: 1

Sheet LLD
A1: TIMESLICE | B1: 1 | C1: 2
A2: 111 | B2: 1
A3: 112 | B3: 1
A4: 113 | B4: 1
A5: 114 | B5: 1
A6: 115 | B6: 1
A7: 116 | B7: 1
A8: 117 | B8: 1
A9: 118 | B9: 1
A10: 121 | C10: 1
A11: 122 | C11: 1
A12: 123 | C12: 1
A13: 124 | C13: 1
A14: 125 | C14: 1
A15: 126 | C15: 1
A16: 127 | C16: 1
A17: 128 | C17: 1
A18: 211 | B18: 1
A19: 212 | B19: 1
A20: 213 | B20: 1
A21: 214 | B21: 1
A22: 215 | B22: 1
A23: 216 | B23: 1
A24: 217 | B24: 1
A25: 218 | B25: 1
A26: 221 | C26: 1
A27: 222 | C27: 1
A28: 223 | C28: 1
A29: 224 | C29: 1
A30: 225 | C30: 1
A31: 226 | C31: 1
A32: 227 | C32: 1
A33: 228 | C33: 1
A34: 311 | B34: 1
A35: 312 | B35: 1
A36: 313 | B36: 1
A37: 314 | B37: 1
A38: 315 | B38: 1
A39: 316 | B39: 1
A40: 317 | B40: 1
A41: 318 | B41: 1
A42: 321 | C42: 1
A43: 322 | C43: 1
A44: 323 | C44: 1
A45: 324 | C45: 1
A46: 325 | C46: 1
A47: 326 | C47: 1
A48: 327 | C48: 1
A49: 328 | C49: 1
A50: 411 | B50: 1
A51: 412 | B51: 1
A52: 413 | B52: 1
A53: 414 | B53: 1
A54: 415 | B54: 1
A55: 416 | B55: 1
A56: 417 | B56: 1
A57: 418 | B57: 1
A58: 421 | C58: 1
A59: 422 | C59: 1
A60: 423 | C60: 1
A61: 424 | C61: 1
A62: 425 | C62: 1
A63: 426 | C63: 1
A64: 427 | C64: 1
A65: 428 | C65: 1

Sheet LLH
A1: TIMESLICE | B1: 1 | C1: 2 | D1: 3 | E1: 4 | F1: 5 | G1: 6 | H1: 7 | I1: 8
A2: 111 | B2: 1
A3: 112 | C3: 1
A4: 113 | D4: 1
A5: 114 | E5: 1
A6: 115 | F6: 1
A7: 116 | G7: 1
A8: 117 | H8: 1
A9: 118 | I9: 1
A10: 121 | B10: 1
A11: 122 | C11: 1
A12: 123 | D12: 1
A13: 124 | E13: 1
A14: 125 | F14: 1
A15: 126 | G15: 1
A16: 127 | H16: 1
A17: 128 | I17: 1
A18: 211 | B18: 1
A19: 212 | C19: 1
A20: 213 | D20: 1
A21: 214 | E21: 1
A22: 215 | F22: 1
A23: 216 | G23: 1
A24: 217 | H24: 1
A25: 218 | I25: 1
A26: 221 | B26: 1
A27: 222 | C27: 1
A28: 223 | D28: 1
A29: 224 | E29: 1
A30: 225 | F30: 1
A31: 226 | G31: 1
A32: 227 | H32: 1
A33: 228 | I33: 1
A34: 311 | B34: 1
A35: 312 | C35: 1
A36: 313 | D36: 1
A37: 314 | E37: 1
A38: 315 | F38: 1
A39: 316 | G39: 1
A40: 317 | H40: 1
A41: 318 | I41: 1
A42: 321 | B42: 1
A43: 322 | C43: 1
A44: 323 | D44: 1
A45: 324 | E45: 1
A46: 325 | F46: 1
A47: 326 | G47: 1
A48: 327 | H48: 1
A49: 328 | I49: 1
A50: 411 | B50: 1
A51: 412 | C51: 1
A52: 413 | D52: 1
A53: 414 | E53: 1
A54: 415 | F54: 1
A55: 416 | G55: 1
A56: 417 | H56: 1
A57: 418 | I57: 1
A58: 421 | B58: 1
A59: 422 | C59: 1
A60: 423 | D60: 1
A61: 424 | E61: 1
A62: 425 | F62: 1
A63: 426 | G63: 1
A64: 427 | H64: 1
A65: 428 | I65: 1

Sheet MOL
A1: REGION | B1: TECHNOLOGY | C1: 2019 | D1: 2020 | E1: 2021 | F1: 2022 | G1: 2023 | H1: 2024 | I1: 2025 | J1: 2026 | K1: 2027 | L1: 2028 | M1: 2029 | N1: 2030 | O1: 2031 | P1: 2032 | Q1: 2033 | R1: 2034 | S1: 2035 | T1: 2036 | U1: 2037 | V1: 2038 | W1: 2039 | X1: 2040 | Y1: 2041 | Z1: 2042 | AA1: 2043 | AB1: 2044 | AC1: 2045 | AD1: 2046 | AE1: 2047 | AF1: 2048 | AG1: 2049 | AH1: 2050 | AI1: 2051 | AJ1: 2052 | AK1: 2053 | AL1: 2054 | AM1: 2055
A2: Cuba | B2: IMPCRUDE
A3: Cuba | B3: MINCRUDE
A4: Cuba | B4: IMPHFO01
A5: Cuba | B5: IMPHFO02
A6: Cuba | B6: IMPLFO
A7: Cuba | B7: MINDIESEL
A8: Cuba | B8: IMPDIESEL
A9: Cuba | B9: IMPNG
A10: Cuba | B10: MINNG
A11: Cuba | B11: MINBIO1
A12: Cuba | B12: MINBIO2
A13: Cuba | B13: MINBIO3
... A135: Cuba | B135: AUXTECH10

Sheet CNA
A1: REGION | B1: TECHNOLOGY | C1: 2019 | D1: 2020 | E1: 2021 | F1: 2022 | G1: 2023 | H1: 2024 | I1: 2025 | J1: 2026 | K1: 2027 | L1: 2028 | M1: 2029 | N1: 2030 | O1: 2031 | P1: 2032 | Q1: 2033 | R1: 2034 | S1: 2035 | T1: 2036 | U1: 2037 | V1: 2038 | W1: 2039 | X1: 2040 | Y1: 2041 | Z1: 2042 | AA1: 2043 | AB1: 2044 | AC1: 2045 | AD1: 2046 | AE1: 2047 | AF1: 2048 | AG1: 2049 | AH1: 2050 | AI1: 2051 | AJ1: 2052 | AK1: 2053 | AL1: 2054 | AM1: 2055
A2: Cuba | B2: IMPCRUDE
A3: Cuba | B3: MINCRUDE
A4: Cuba | B4: IMPHFO01
A5: Cuba | B5: IMPHFO02
A6: Cuba | B6: IMPLFO
A7: Cuba | B7: MINDIESEL
A8: Cuba | B8: IMPDIESEL
A9: Cuba | B9: IMPNG
A10: Cuba | B10: MINNG
A11: Cuba | B11: MINBIO1
A12: Cuba | B12: MINBIO2
A13: Cuba | B13: MINBIO3
... A135: Cuba | B135: AUXTECH10

Sheet Avail
A1: REGION | B1: TECHNOLOGY | C1: 2019 | D1: 2020 | E1: 2021 | F1: 2022 | G1: 2023 | H1: 2024 | I1: 2025 | J1: 2026 | K1: 2027 | L1: 2028 | M1: 2029 | N1: 2030 | O1: 2031 | P1: 2032 | Q1: 2033 | R1: 2034 | S1: 2035 | T1: 2036 | U1: 2037 | V1: 2038 | W1: 2039 | X1: 2040 | Y1: 2041 | Z1: 2042 | AA1: 2043 | AB1: 2044 | AC1: 2045 | AD1: 2046 | AE1: 2047 | AF1: 2048 | AG1: 2049 | AH1: 2050 | AI1: 2051 | AJ1: 2052 | AK1: 2053 | AL1: 2054 | AM1: 2055
A2: Cuba | B2: IMPCRUDE
A3: Cuba | B3: MINCRUDE
A4: Cuba | B4: IMPHFO01
A5: Cuba | B5: IMPHFO02
A6: Cuba | B6: IMPLFO
A7: Cuba | B7: MINDIESEL
A8: Cuba | B8: IMPDIESEL
A9: Cuba | B9: IMPNG
A10: Cuba | B10: MINNG
A11: Cuba | B11: MINBIO1
A12: Cuba | B12: MINBIO2
A13: Cuba | B13: MINBIO3
... A135: Cuba | B135: AUXTECH10

Sheet NOEU
A1: REGION | B1: TECHNOLOGY | C1: 2019 | D1: 2020 | E1: 2021 | F1: 2022 | G1: 2023 | H1: 2024 | I1: 2025 | J1: 2026 | K1: 2027 | L1: 2028 | M1: 2029 | N1: 2030 | O1: 2031 | P1: 2032 | Q1: 2033 | R1: 2034 | S1: 2035 | T1: 2036 | U1: 2037 | V1: 2038 | W1: 2039 | X1: 2040 | Y1: 2041 | Z1: 2042 | AA1: 2043 | AB1: 2044 | AC1: 2045 | AD1: 2046 | AE1: 2047 | AF1: 2048 | AG1: 2049 | AH1: 2050 | AI1: 2051 | AJ1: 2052 | AK1: 2053 | AL1: 2054 | AM1: 2055
A2: Cuba | B2: IMPCRUDE
A3: Cuba | B3: MINCRUDE
A4: Cuba | B4: IMPHFO01
A5: Cuba | B5: IMPHFO02
A6: Cuba | B6: IMPLFO
A7: Cuba | B7: MINDIESEL
A8: Cuba | B8: IMPDIESEL
A9: Cuba | B9: IMPNG
A10: Cuba | B10: MINNG
A11: Cuba | B11: MINBIO1
A12: Cuba | B12: MINBIO2
A13: Cuba | B13: MINBIO3
... A23: Cuba | B23: MINHYDRO
A24: Cuba | B24: PWRCRUD001 | C24: 3 | D24: 3 | E24: 3 | F24: 3 | G24: 3 | H24: 3
A25: Cuba | B25: PWRCRUD002 | C25: 1 | D25: 1 | E25: 1 | F25: 1 | G25: 1 | H25: 1 | I25: 1
A26: Cuba | B26: PWRCRUD003 | C26: 3 | D26: 3 | E26: 3 | F26: 3 | G26: 3 | H26: 3 | I26: 3 | J26: 3
A27: Cuba | B27: PWRCRUD004 | C27: 1 | D27: 1 | E27: 1 | F27: 1 | G27: 1 | H27: 1 | I27: 1 | J27: 1 | K27: 1
A28: Cuba | B28: PWRCRUD008 | C28: 2 | D28: 2 | E28: 2 | F28: 2 | G28: 2 | H28: 2 | I28: 2 | J28: 2 | K28: 2 | L28: 2
A29: Cuba | B29: PWRCRUD005 | C29: 3 | D29: 3 | E29: 3 | F29: 3 | G29: 3 | H29: 3 | I29: 3 | J29: 3 | K29: 3 | L29: 3 | M29: 3
A30: Cuba | B30: PWRCRUD006 | C30: 2 | D30: 2 | E30: 2 | F30: 2 | G30: 2 | H30: 2 | I30: 2 | J30: 2 | K30: 2 | L30: 2 | M30: 2 | N30: 2
A31: Cuba | B31: PWRCRUD007 | C31: 4 | D31: 4 | E31: 4 | F31: 4 | G31: 4 | H31: 4 | I31: 4 | J31: 4 | K31: 4 | L31: 4 | M31: 4 | N31: 4 | O31: 4
A32: Cuba | B32: PWRCRUD009
A33: Cuba | B33: PWRNG01
A34: Cuba | B34: PWRNG02
A35: Cuba | B35: PWRGHFO2
A36: Cuba | B36: PWRBIO01
A37: Cuba | B37: PWRBIO02
A38: Cuba | B38: PWRWND001
A39: Cuba | B39: PWRWND002
A40: Cuba | B40: PWRPV01
A41: Cuba | B41: PWRPV02
A42: Cuba | B42: PWRPV03
A43: Cuba | B43: PWRCSP
... A135: Cuba | B135: AUXTECH10

Sheet CostoRec
